origin,destination,depart_date,return_date,price,is_holiday_window,collected_at,dep_time,arr_time,stops
ICN,NRT,2026-08-14,2026-08-17,425000,1,2026-07-22,,,
ICN,NRT,2026-09-23,2026-09-26,629800,1,2026-07-22,,,
ICN,NRT,2026-09-24,2026-09-27,741500,1,2026-07-22,,,
ICN,NRT,2026-09-25,2026-09-28,491211,1,2026-07-22,,,
ICN,NRT,2026-10-02,2026-10-05,489711,1,2026-07-22,,,
ICN,NRT,2026-10-08,2026-10-11,454611,1,2026-07-22,,,
ICN,NRT,2026-10-09,2026-10-12,409421,1,2026-07-22,,,
ICN,NRT,2026-12-24,2026-12-27,493906,1,2026-07-22,,,
ICN,NRT,2026-12-25,2026-12-28,557500,1,2026-07-22,,,
ICN,NRT,2026-12-31,2027-01-03,486936,1,2026-07-22,,,
ICN,NRT,2027-01-01,2027-01-04,461373,1,2026-07-22,,,
ICN,KIX,2026-08-14,2026-08-17,378400,1,2026-07-22,,,
ICN,KIX,2026-09-23,2026-09-26,487064,1,2026-07-22,,,
ICN,KIX,2026-09-24,2026-09-27,673900,1,2026-07-22,,,
ICN,KIX,2026-09-25,2026-09-28,359957,1,2026-07-22,,,
ICN,KIX,2026-10-02,2026-10-05,574400,1,2026-07-22,,,
ICN,KIX,2026-10-08,2026-10-11,528400,1,2026-07-22,,,
ICN,KIX,2026-10-09,2026-10-12,399957,1,2026-07-22,,,
ICN,KIX,2026-12-24,2026-12-27,573600,1,2026-07-22,,,
ICN,KIX,2026-12-25,2026-12-28,676400,1,2026-07-22,,,
ICN,KIX,2026-12-31,2027-01-03,378074,1,2026-07-22,,,
ICN,KIX,2027-01-01,2027-01-04,312141,1,2026-07-22,,,
ICN,DPS,2026-08-14,2026-08-17,990400,1,2026-07-22,,,
ICN,DPS,2026-09-23,2026-09-26,633202,1,2026-07-22,,,
ICN,DPS,2026-09-24,2026-09-27,574950,1,2026-07-22,,,
ICN,DPS,2026-09-25,2026-09-28,745323,1,2026-07-22,,,
ICN,DPS,2026-10-02,2026-10-05,768742,1,2026-07-22,,,
ICN,DPS,2026-10-08,2026-10-11,554699,1,2026-07-22,,,
ICN,DPS,2026-10-09,2026-10-12,591375,1,2026-07-22,,,
ICN,DPS,2026-12-31,2027-01-03,771406,1,2026-07-22,,,
ICN,DPS,2027-01-01,2027-01-04,657760,1,2026-07-22,,,
ICN,ULN,2026-08-14,2026-08-17,968400,1,2026-07-22,,,
ICN,ULN,2026-09-23,2026-09-26,566600,1,2026-07-22,,,
ICN,ULN,2026-09-24,2026-09-27,833200,1,2026-07-22,,,
ICN,ULN,2026-10-08,2026-10-11,546600,1,2026-07-22,,,
ICN,PVG,2026-09-25,2026-09-28,484674,1,2026-07-22,,,
ICN,KHH,2026-09-24,2026-09-27,470600,1,2026-07-22,,,
ICN,KHH,2026-12-24,2026-12-27,588800,1,2026-07-22,,,
ICN,KHH,2026-12-25,2026-12-28,515428,1,2026-07-22,,,
ICN,KHH,2027-01-01,2027-01-04,451585,1,2026-07-22,,,
ICN,DPS,2026-08-14,2026-08-17,990400,1,2026-07-22,,,
ICN,DPS,2026-09-23,2026-09-26,633189,1,2026-07-22,,,
ICN,DPS,2026-09-24,2026-09-27,574950,1,2026-07-22,,,
ICN,DPS,2026-09-25,2026-09-28,745309,1,2026-07-22,,,
ICN,DPS,2026-10-02,2026-10-05,768726,1,2026-07-22,,,
ICN,DPS,2026-10-08,2026-10-11,554525,1,2026-07-22,,,
ICN,DPS,2026-10-09,2026-10-12,591180,1,2026-07-22,,,
ICN,DPS,2026-12-24,2026-12-27,821407,1,2026-07-22,,,
ICN,DPS,2026-12-25,2026-12-28,718110,1,2026-07-22,,,
ICN,DPS,2026-12-31,2027-01-03,771406,1,2026-07-22,,,
ICN,DPS,2027-01-01,2027-01-04,657760,1,2026-07-22,,,
ICN,ULN,2026-08-14,2026-08-17,968400,1,2026-07-22,,,
ICN,ULN,2026-09-23,2026-09-26,566600,1,2026-07-22,,,
ICN,ULN,2026-09-24,2026-09-27,833200,1,2026-07-22,,,
ICN,ULN,2026-09-25,2026-09-28,551446,1,2026-07-22,,,
ICN,ULN,2026-10-02,2026-10-05,706600,1,2026-07-22,,,
ICN,ULN,2026-10-08,2026-10-11,546600,1,2026-07-22,,,
ICN,ULN,2026-10-09,2026-10-12,551200,1,2026-07-22,,,
ICN,ULN,2026-12-24,2026-12-27,663412,1,2026-07-22,,,
ICN,ULN,2026-12-25,2026-12-28,686600,1,2026-07-22,,,
ICN,ULN,2026-12-31,2027-01-03,603630,1,2026-07-22,,,
ICN,ULN,2027-01-01,2027-01-04,666600,1,2026-07-22,,,
ICN,PVG,2026-08-14,2026-08-17,446100,1,2026-07-22,,,
ICN,PVG,2026-09-23,2026-09-26,575579,1,2026-07-22,,,
ICN,PVG,2026-09-24,2026-09-27,600600,1,2026-07-22,,,
ICN,PVG,2026-09-25,2026-09-28,484646,1,2026-07-22,,,
ICN,PVG,2026-10-02,2026-10-05,443700,1,2026-07-22,,,
ICN,PVG,2026-10-08,2026-10-11,578801,1,2026-07-22,,,
ICN,PVG,2026-10-09,2026-10-12,457101,1,2026-07-22,,,
ICN,PVG,2026-12-24,2026-12-27,390055,1,2026-07-22,,,
ICN,PVG,2026-12-25,2026-12-28,455704,1,2026-07-22,,,
ICN,PVG,2026-12-31,2027-01-03,343657,1,2026-07-22,,,
ICN,PVG,2027-01-01,2027-01-04,413666,1,2026-07-22,,,
ICN,TPE,2026-08-14,2026-08-17,355891,1,2026-07-22,,,
ICN,TPE,2026-09-23,2026-09-26,425600,1,2026-07-22,,,
ICN,TPE,2026-09-24,2026-09-27,403112,1,2026-07-22,,,
ICN,TPE,2026-09-25,2026-09-28,286114,1,2026-07-22,,,
ICN,TPE,2026-10-02,2026-10-05,387795,1,2026-07-22,,,
ICN,TPE,2026-10-08,2026-10-11,393112,1,2026-07-22,,,
ICN,TPE,2026-10-09,2026-10-12,351112,1,2026-07-22,,,
ICN,TPE,2026-12-24,2026-12-27,420200,1,2026-07-22,,,
ICN,TPE,2026-12-25,2026-12-28,466664,1,2026-07-22,,,
ICN,TPE,2026-12-31,2027-01-03,403112,1,2026-07-22,,,
ICN,TPE,2027-01-01,2027-01-04,403112,1,2026-07-22,,,
ICN,KHH,2026-08-14,2026-08-17,410300,1,2026-07-22,,,
ICN,KHH,2026-09-23,2026-09-26,524383,1,2026-07-22,,,
ICN,KHH,2026-09-24,2026-09-27,470600,1,2026-07-22,,,
ICN,KHH,2026-09-25,2026-09-28,386038,1,2026-07-22,,,
ICN,KHH,2026-10-02,2026-10-05,466600,1,2026-07-22,,,
ICN,KHH,2026-10-08,2026-10-11,533700,1,2026-07-22,,,
ICN,KHH,2026-10-09,2026-10-12,466600,1,2026-07-22,,,
ICN,KHH,2026-12-24,2026-12-27,588800,1,2026-07-22,,,
ICN,KHH,2026-12-25,2026-12-28,515428,1,2026-07-22,,,
ICN,KHH,2026-12-31,2027-01-03,570800,1,2026-07-22,,,
ICN,KHH,2027-01-01,2027-01-04,451506,1,2026-07-22,,,
ICN,NRT,2026-08-14,2026-08-17,425000,1,2026-07-23,13:45,16:15,0
ICN,NRT,2026-09-24,2026-09-27,741500,1,2026-07-23,22:35,00:55+1,0
ICN,NRT,2026-09-25,2026-09-28,491142,1,2026-07-23,09:45,12:15,0
ICN,NRT,2026-10-02,2026-10-05,461917,1,2026-07-23,22:35,00:55+1,0
ICN,NRT,2026-10-08,2026-10-11,454542,1,2026-07-23,08:50,11:20,0
ICN,NRT,2026-10-09,2026-10-12,409285,1,2026-07-23,13:50,16:30,0
ICN,NRT,2026-12-25,2026-12-28,557500,1,2026-07-23,22:50,00:55+1,0
ICN,NRT,2026-12-31,2027-01-03,486808,1,2026-07-23,12:40,15:15,0
ICN,NRT,2027-01-01,2027-01-04,461320,1,2026-07-23,13:05,15:30,0
ICN,KIX,2026-08-14,2026-08-17,355736,1,2026-07-23,19:20,21:15,0
ICN,KIX,2026-09-23,2026-09-26,487011,1,2026-07-23,07:30,09:20,0
ICN,KIX,2026-09-24,2026-09-27,673900,1,2026-07-23,18:50,20:35,0
ICN,KIX,2026-09-25,2026-09-28,359908,1,2026-07-23,20:55,22:45,0
ICN,KIX,2026-10-02,2026-10-05,574400,1,2026-07-23,16:10,18:05,0
ICN,KIX,2026-10-08,2026-10-11,528400,1,2026-07-23,14:50,17:00,0
ICN,KIX,2026-10-09,2026-10-12,399908,1,2026-07-23,17:05,18:50,0
ICN,KIX,2026-12-24,2026-12-27,573600,1,2026-07-23,07:00,08:50,0
ICN,KIX,2026-12-25,2026-12-28,676400,1,2026-07-23,20:50,22:40,0
ICN,KIX,2026-12-31,2027-01-03,378011,1,2026-07-23,11:20,13:05,0
ICN,KIX,2027-01-01,2027-01-04,312109,1,2026-07-23,11:20,13:05,0
ICN,DAD,2026-08-14,2026-08-17,577800,1,2026-07-23,02:35,09:20,1
ICN,DAD,2026-09-23,2026-09-26,481700,1,2026-07-23,02:35,09:20,1
ICN,DAD,2026-09-24,2026-09-27,552836,1,2026-07-23,21:30,00:30+1,0
ICN,DAD,2026-09-25,2026-09-28,378135,1,2026-07-23,20:55,23:40,0
ICN,DAD,2026-10-02,2026-10-05,524796,1,2026-07-23,07:00,09:40,0
ICN,DAD,2026-10-08,2026-10-11,469322,1,2026-07-23,00:30,03:15,0
ICN,DAD,2026-10-09,2026-10-12,469161,1,2026-07-23,21:30,00:30+1,0
ICN,DAD,2026-12-24,2026-12-27,685582,1,2026-07-23,22:40,01:45+1,0
ICN,DAD,2026-12-25,2026-12-28,631250,1,2026-07-23,20:30,13:10+1,1
ICN,DAD,2026-12-31,2027-01-03,644167,1,2026-07-23,21:50,09:20+1,1
ICN,DAD,2027-01-01,2027-01-04,522225,1,2026-07-23,20:30,13:10+1,1
ICN,DPS,2026-08-14,2026-08-17,990400,1,2026-07-23,10:35,21:30,1
ICN,DPS,2026-09-23,2026-09-26,633189,1,2026-07-23,11:30,00:05+1,1
ICN,DPS,2026-09-24,2026-09-27,574950,1,2026-07-23,08:50,18:45,1
ICN,DPS,2026-09-25,2026-09-28,745309,1,2026-07-23,06:50,21:00,1
ICN,DPS,2026-10-02,2026-10-05,768726,1,2026-07-23,21:15,12:55+1,1
ICN,DPS,2026-10-08,2026-10-11,554525,1,2026-07-23,21:15,13:35+1,1
ICN,DPS,2026-10-09,2026-10-12,591180,1,2026-07-23,21:15,12:55+1,1
ICN,DPS,2026-12-24,2026-12-27,821391,1,2026-07-23,10:55,23:25,1
ICN,DPS,2026-12-25,2026-12-28,718110,1,2026-07-23,21:15,12:55+1,1
ICN,DPS,2026-12-31,2027-01-03,771392,1,2026-07-23,21:15,12:55+1,1
ICN,DPS,2027-01-01,2027-01-04,657750,1,2026-07-23,06:35,00:00+1,1
ICN,ULN,2026-08-14,2026-08-17,968400,1,2026-07-23,08:00,16:45,1
ICN,ULN,2026-09-23,2026-09-26,566600,1,2026-07-23,00:05,02:45,0
ICN,ULN,2026-09-24,2026-09-27,833200,1,2026-07-23,01:55,16:45,1
ICN,ULN,2026-09-25,2026-09-28,551594,1,2026-07-23,20:20,23:05,0
ICN,ULN,2026-10-02,2026-10-05,706600,1,2026-07-23,14:20,17:00,0
ICN,ULN,2026-10-08,2026-10-11,546600,1,2026-07-23,14:20,17:00,0
ICN,ULN,2026-10-09,2026-10-12,551200,1,2026-07-23,08:35,11:10,0
ICN,ULN,2026-12-24,2026-12-27,551200,1,2026-07-23,07:45,10:25,0
ICN,ULN,2026-12-25,2026-12-28,551200,1,2026-07-23,07:45,10:25,0
ICN,ULN,2026-12-31,2027-01-03,551200,1,2026-07-23,07:45,10:25,0
ICN,ULN,2027-01-01,2027-01-04,551200,1,2026-07-23,07:45,10:25,0
ICN,PVG,2026-08-14,2026-08-17,446100,1,2026-07-23,12:15,16:50,1
ICN,PVG,2026-09-23,2026-09-26,575544,1,2026-07-23,15:30,20:05,1
ICN,PVG,2026-09-24,2026-09-27,600600,1,2026-07-23,09:25,23:30,1
ICN,PVG,2026-09-25,2026-09-28,484646,1,2026-07-23,16:55,18:00,0
ICN,PVG,2026-10-02,2026-10-05,443700,1,2026-07-23,08:35,19:15,1
ICN,PVG,2026-10-08,2026-10-11,578801,1,2026-07-23,09:25,14:10,1
ICN,PVG,2026-10-09,2026-10-12,457101,1,2026-07-23,23:40,09:40+1,1
ICN,PVG,2026-12-24,2026-12-27,390055,1,2026-07-23,17:40,18:55,0
ICN,PVG,2026-12-25,2026-12-28,455682,1,2026-07-23,17:40,18:55,0
ICN,PVG,2026-12-31,2027-01-03,343636,1,2026-07-23,17:40,18:55,0
ICN,PVG,2027-01-01,2027-01-04,413641,1,2026-07-23,17:40,18:55,0
ICN,TPE,2026-08-14,2026-08-17,355891,1,2026-07-23,00:30,02:15,0
ICN,TPE,2026-09-23,2026-09-26,425600,1,2026-07-23,00:30,02:15,0
ICN,TPE,2026-09-24,2026-09-27,403112,1,2026-07-23,23:00,00:35+1,0
ICN,TPE,2026-09-25,2026-09-28,286114,1,2026-07-23,23:00,00:35+1,0
ICN,TPE,2026-10-02,2026-10-05,387795,1,2026-07-23,00:30,02:15,0
ICN,TPE,2026-10-08,2026-10-11,393112,1,2026-07-23,23:00,00:35+1,0
ICN,TPE,2026-10-09,2026-10-12,351112,1,2026-07-23,23:00,00:35+1,0
ICN,TPE,2026-12-24,2026-12-27,420200,1,2026-07-23,22:10,15:45+1,1
ICN,TPE,2026-12-25,2026-12-28,466664,1,2026-07-23,00:30,02:15,0
ICN,TPE,2026-12-31,2027-01-03,403112,1,2026-07-23,23:00,00:45+1,0
ICN,TPE,2027-01-01,2027-01-04,403112,1,2026-07-23,23:00,00:45+1,0
ICN,KHH,2026-08-14,2026-08-17,410300,1,2026-07-23,13:05,15:10,0
ICN,KHH,2026-09-23,2026-09-26,524383,1,2026-07-23,10:50,12:45,0
ICN,KHH,2026-09-24,2026-09-27,470600,1,2026-07-23,22:30,14:15+1,1
ICN,KHH,2026-10-02,2026-10-05,466600,1,2026-07-23,02:35,09:30,1
ICN,KHH,2026-10-08,2026-10-11,533700,1,2026-07-23,01:55,10:10,1
ICN,KHH,2026-10-09,2026-10-12,466600,1,2026-07-23,22:30,09:30+1,1
ICN,KHH,2026-12-24,2026-12-27,588800,1,2026-07-23,12:00,14:15,0
ICN,KHH,2026-12-25,2026-12-28,515428,1,2026-07-23,20:35,22:40,0
ICN,KHH,2026-12-31,2027-01-03,570800,1,2026-07-23,12:00,14:15,0
ICN,KHH,2027-01-01,2027-01-04,451506,1,2026-07-23,10:50,13:05,0
ICN,NRT,2026-08-14,2026-08-17,410000,1,2026-07-23,13:45,16:15,0
ICN,NRT,2026-09-23,2026-09-26,629800,1,2026-07-23,08:50,11:20,0
ICN,NRT,2026-09-24,2026-09-27,741500,1,2026-07-23,22:35,00:55+1,0
ICN,NRT,2026-09-25,2026-09-28,491362,1,2026-07-23,09:45,12:15,0
ICN,NRT,2026-09-23,2026-09-27,755964,1,2026-07-23,22:35,00:55+1,0
ICN,NRT,2026-09-24,2026-09-28,654962,1,2026-07-23,13:35,16:15,0
ICN,NRT,2026-09-23,2026-09-28,678362,1,2026-07-23,08:10,10:40,0
ICN,NRT,2026-10-02,2026-10-05,462071,1,2026-07-23,22:35,00:55+1,0
ICN,NRT,2026-10-08,2026-10-11,451362,1,2026-07-23,13:45,16:15,0
ICN,NRT,2026-10-09,2026-10-12,444260,1,2026-07-23,15:05,17:40,0
ICN,NRT,2026-10-08,2026-10-12,406070,1,2026-07-23,13:45,16:15,0
ICN,NRT,2026-12-24,2026-12-27,494084,1,2026-07-23,13:05,15:30,0
ICN,NRT,2026-12-25,2026-12-28,557500,1,2026-07-23,22:50,00:55+1,0
ICN,NRT,2026-12-24,2026-12-28,552511,1,2026-07-23,13:05,15:30,0
ICN,NRT,2026-12-31,2027-01-03,486982,1,2026-07-23,12:40,15:15,0
ICN,NRT,2027-01-01,2027-01-04,461490,1,2026-07-23,13:05,15:30,0
ICN,NRT,2026-12-31,2027-01-04,482090,1,2026-07-23,12:40,15:15,0
ICN,KIX,2026-08-14,2026-08-17,355882,1,2026-07-23,19:20,21:15,0
ICN,KIX,2026-09-23,2026-09-26,487181,1,2026-07-23,07:30,09:20,0
ICN,KIX,2026-09-24,2026-09-27,673900,1,2026-07-23,18:50,20:35,0
ICN,KIX,2026-09-25,2026-09-28,360064,1,2026-07-23,20:55,22:45,0
ICN,KIX,2026-09-23,2026-09-27,620000,1,2026-07-23,13:00,15:00,0
ICN,KIX,2026-09-24,2026-09-28,555064,1,2026-07-23,03:25,05:15,0
ICN,KIX,2026-09-23,2026-09-28,469064,1,2026-07-23,07:30,09:20,0
ICN,KIX,2026-10-02,2026-10-05,546900,1,2026-07-23,07:30,09:20,0
ICN,KIX,2026-10-08,2026-10-11,528400,1,2026-07-23,14:50,17:00,0
ICN,KIX,2026-10-09,2026-10-12,400064,1,2026-07-23,17:05,18:50,0
ICN,KIX,2026-10-08,2026-10-12,390064,1,2026-07-23,07:30,09:20,0
ICN,KIX,2026-12-24,2026-12-27,573600,1,2026-07-23,07:00,08:50,0
ICN,KIX,2026-12-25,2026-12-28,676400,1,2026-07-23,20:50,22:40,0
ICN,KIX,2026-12-24,2026-12-28,573600,1,2026-07-23,07:00,08:50,0
ICN,KIX,2026-12-31,2027-01-03,378011,1,2026-07-23,11:20,13:05,0
ICN,KIX,2027-01-01,2027-01-04,312109,1,2026-07-23,11:20,13:05,0
ICN,KIX,2026-12-31,2027-01-04,272109,1,2026-07-23,11:20,13:05,0
ICN,DAD,2026-08-14,2026-08-17,577800,1,2026-07-23,02:35,09:20,1
ICN,DAD,2026-09-23,2026-09-26,481700,1,2026-07-23,02:35,09:20,1
ICN,DAD,2026-09-24,2026-09-27,553039,1,2026-07-23,21:30,00:30+1,0
ICN,DAD,2026-09-25,2026-09-28,378286,1,2026-07-23,20:55,23:40,0
ICN,DAD,2026-09-23,2026-09-27,485700,1,2026-07-23,02:35,09:20,1
ICN,DAD,2026-09-24,2026-09-28,477586,1,2026-07-23,21:30,00:30+1,0
ICN,DAD,2026-09-23,2026-09-28,452886,1,2026-07-23,02:35,09:20,1
ICN,DAD,2026-10-02,2026-10-05,524989,1,2026-07-23,07:00,09:40,0
ICN,DAD,2026-10-08,2026-10-11,469512,1,2026-07-23,00:30,03:15,0
ICN,DAD,2026-10-09,2026-10-12,469348,1,2026-07-23,21:30,00:30+1,0
ICN,DAD,2026-10-08,2026-10-12,389300,1,2026-07-23,00:30,03:15,0
ICN,DAD,2026-12-24,2026-12-27,685386,1,2026-07-23,22:40,01:45+1,0
ICN,DAD,2026-12-25,2026-12-28,631250,1,2026-07-23,20:30,13:10+1,1
ICN,DAD,2026-12-24,2026-12-28,685418,1,2026-07-23,22:40,01:45+1,0
ICN,DAD,2026-12-31,2027-01-03,644347,1,2026-07-23,21:50,09:20+1,1
ICN,DAD,2027-01-01,2027-01-04,522384,1,2026-07-23,20:30,13:10+1,1
ICN,DAD,2026-12-31,2027-01-04,586200,1,2026-07-23,21:50,09:20+1,1
ICN,DPS,2026-08-14,2026-08-17,990400,1,2026-07-23,10:35,21:30,1
ICN,DPS,2026-09-23,2026-09-26,633105,1,2026-07-23,11:30,00:05+1,1
ICN,DPS,2026-09-24,2026-09-27,574950,1,2026-07-23,08:50,18:45,1
ICN,DPS,2026-09-23,2026-09-28,656480,1,2026-07-23,11:30,00:05+1,1
ICN,DPS,2026-10-02,2026-10-05,768622,1,2026-07-23,21:15,12:55+1,1
ICN,DPS,2026-10-08,2026-10-11,554445,1,2026-07-23,21:15,13:35+1,1
ICN,DPS,2026-10-08,2026-10-12,591090,1,2026-07-23,21:15,13:35+1,1
ICN,DPS,2026-12-24,2026-12-27,821287,1,2026-07-23,10:55,23:25,1
ICN,DPS,2026-12-25,2026-12-28,718034,1,2026-07-23,21:15,12:55+1,1
ICN,DPS,2026-12-24,2026-12-28,714751,1,2026-07-23,10:55,23:25,1
ICN,DPS,2026-12-31,2027-01-03,771302,1,2026-07-23,21:15,12:55+1,1
ICN,DPS,2027-01-01,2027-01-04,657750,1,2026-07-23,06:35,00:00+1,1
ICN,DPS,2026-12-31,2027-01-04,680533,1,2026-07-23,21:15,12:55+1,1
ICN,ULN,2026-08-14,2026-08-17,968400,1,2026-07-23,08:00,16:45,1
ICN,ULN,2026-09-23,2026-09-26,566600,1,2026-07-23,00:05,02:45,0
ICN,ULN,2026-09-24,2026-09-27,833200,1,2026-07-23,01:55,16:45,1
ICN,ULN,2026-09-25,2026-09-28,551594,1,2026-07-23,20:20,23:05,0
ICN,ULN,2026-09-24,2026-09-28,729994,1,2026-07-23,20:20,22:50,0
ICN,ULN,2026-09-23,2026-09-28,566600,1,2026-07-23,00:05,02:45,0
ICN,ULN,2026-10-02,2026-10-05,706600,1,2026-07-23,14:20,17:00,0
ICN,ULN,2026-10-08,2026-10-11,546600,1,2026-07-23,14:20,17:00,0
ICN,ULN,2026-10-09,2026-10-12,551200,1,2026-07-23,08:35,11:10,0
ICN,ULN,2026-10-08,2026-10-12,581200,1,2026-07-23,08:35,11:10,0
ICN,ULN,2026-12-24,2026-12-27,551200,1,2026-07-23,07:45,10:25,0
ICN,ULN,2026-12-25,2026-12-28,551200,1,2026-07-23,07:45,10:25,0
ICN,ULN,2026-12-24,2026-12-28,551200,1,2026-07-23,07:45,10:25,0
ICN,ULN,2026-12-31,2027-01-03,551200,1,2026-07-23,07:45,10:25,0
ICN,ULN,2027-01-01,2027-01-04,551200,1,2026-07-23,07:45,10:25,0
ICN,ULN,2026-12-31,2027-01-04,551200,1,2026-07-23,07:45,10:25,0
ICN,PVG,2026-08-14,2026-08-17,446100,1,2026-07-23,12:15,16:50,1
ICN,PVG,2026-09-23,2026-09-26,575785,1,2026-07-23,15:30,20:05,1
ICN,PVG,2026-09-24,2026-09-27,600600,1,2026-07-23,09:25,23:30,1
ICN,PVG,2026-09-25,2026-09-28,484835,1,2026-07-23,16:55,18:00,0
ICN,PVG,2026-10-02,2026-10-05,443700,1,2026-07-23,08:35,19:15,1
ICN,PVG,2026-10-08,2026-10-11,578801,1,2026-07-23,09:25,14:10,1
ICN,PVG,2026-10-09,2026-10-12,457101,1,2026-07-23,23:40,09:40+1,1
ICN,PVG,2026-10-08,2026-10-12,578801,1,2026-07-23,09:25,14:10,1
ICN,PVG,2026-12-24,2026-12-27,390160,1,2026-07-23,17:40,18:55,0
ICN,PVG,2026-12-25,2026-12-28,455682,1,2026-07-23,17:40,18:55,0
ICN,PVG,2026-12-24,2026-12-28,433135,1,2026-07-23,17:40,18:55,0
ICN,PVG,2026-12-31,2027-01-03,343775,1,2026-07-23,17:40,18:55,0
ICN,PVG,2027-01-01,2027-01-04,413812,1,2026-07-23,17:40,18:55,0
ICN,PVG,2026-12-31,2027-01-04,391112,1,2026-07-23,17:40,18:55,0
ICN,TPE,2026-08-14,2026-08-17,356045,1,2026-07-23,00:30,02:15,0
ICN,TPE,2026-09-23,2026-09-26,425759,1,2026-07-23,00:30,02:15,0
ICN,TPE,2026-09-24,2026-09-27,403112,1,2026-07-23,23:00,00:35+1,0
ICN,TPE,2026-09-25,2026-09-28,286240,1,2026-07-23,23:00,00:35+1,0
ICN,TPE,2026-09-23,2026-09-27,465400,1,2026-07-23,06:40,14:25,1
ICN,TPE,2026-09-24,2026-09-28,323595,1,2026-07-23,23:00,00:35+1,0
ICN,TPE,2026-09-23,2026-09-28,382656,1,2026-07-23,00:30,02:15,0
ICN,TPE,2026-10-02,2026-10-05,387973,1,2026-07-23,00:30,02:15,0
ICN,TPE,2026-10-08,2026-10-11,419112,1,2026-07-23,23:00,00:35+1,0
ICN,TPE,2026-10-09,2026-10-12,351112,1,2026-07-23,23:00,00:35+1,0
ICN,TPE,2026-10-08,2026-10-12,351112,1,2026-07-23,23:00,00:35+1,0
ICN,TPE,2026-12-24,2026-12-27,420200,1,2026-07-23,22:10,15:45+1,1
ICN,TPE,2026-12-25,2026-12-28,474100,1,2026-07-23,16:15,14:15+1,1
ICN,TPE,2026-12-24,2026-12-28,427900,1,2026-07-23,14:50,14:15+1,1
ICN,TPE,2026-12-31,2027-01-03,403112,1,2026-07-23,23:00,00:45+1,0
ICN,TPE,2027-01-01,2027-01-04,403112,1,2026-07-23,23:00,00:45+1,0
ICN,TPE,2026-12-31,2027-01-04,319112,1,2026-07-23,23:00,00:45+1,0
ICN,KHH,2026-08-14,2026-08-17,410300,1,2026-07-23,13:05,15:10,0
ICN,KHH,2026-09-23,2026-09-26,524579,1,2026-07-23,10:50,12:45,0
ICN,KHH,2026-09-24,2026-09-27,470600,1,2026-07-23,22:30,14:15+1,1
ICN,KHH,2026-09-25,2026-09-28,386161,1,2026-07-23,20:35,22:40,0
ICN,KHH,2026-09-23,2026-09-27,466600,1,2026-07-23,06:40,14:15,1
ICN,KHH,2026-09-24,2026-09-28,405461,1,2026-07-23,20:35,22:40,0
ICN,KHH,2026-09-23,2026-09-28,456161,1,2026-07-23,10:50,12:45,0
ICN,KHH,2026-10-02,2026-10-05,466600,1,2026-07-23,02:35,09:30,1
ICN,KHH,2026-10-08,2026-10-11,533700,1,2026-07-23,01:55,10:10,1
ICN,KHH,2026-10-09,2026-10-12,466600,1,2026-07-23,22:30,09:30+1,1
ICN,KHH,2026-10-08,2026-10-12,466279,1,2026-07-23,09:45,12:00,0
ICN,KHH,2026-12-24,2026-12-27,588800,1,2026-07-23,12:00,14:15,0
ICN,KHH,2026-12-25,2026-12-28,515428,1,2026-07-23,20:35,22:40,0
ICN,KHH,2026-12-24,2026-12-28,515567,1,2026-07-23,20:35,22:40,0
ICN,KHH,2026-12-31,2027-01-03,570800,1,2026-07-23,12:00,14:15,0
ICN,KHH,2027-01-01,2027-01-04,451506,1,2026-07-23,10:50,13:05,0
ICN,KHH,2026-12-31,2027-01-04,451646,1,2026-07-23,13:25,15:55,0
ICN,NRT,2026-08-14,2026-08-17,425000,1,2026-07-23,13:45,16:15,0
ICN,NRT,2026-08-15,2026-08-18,411000,1,2026-07-23,13:45,16:15,0
ICN,NRT,2026-08-14,2026-08-18,376000,1,2026-07-23,13:45,16:15,0
ICN,NRT,2026-09-23,2026-09-26,629800,1,2026-07-23,08:50,11:20,0
ICN,NRT,2026-09-24,2026-09-27,685400,1,2026-07-23,22:35,00:55+1,0
ICN,NRT,2026-09-25,2026-09-28,489543,1,2026-07-23,09:45,12:15,0
ICN,NRT,2026-09-23,2026-09-27,820500,1,2026-07-23,06:30,11:45,1
ICN,NRT,2026-09-24,2026-09-28,629300,1,2026-07-23,22:35,00:55+1,0
ICN,NRT,2026-09-23,2026-09-28,676543,1,2026-07-23,08:10,10:40,0
ICN,NRT,2026-10-02,2026-10-05,460792,1,2026-07-23,22:35,00:55+1,0
ICN,NRT,2026-10-03,2026-10-06,413942,1,2026-07-23,15:05,17:40,0
ICN,NRT,2026-10-02,2026-10-06,407042,1,2026-07-23,13:35,16:15,0
ICN,NRT,2026-10-08,2026-10-11,449543,1,2026-07-23,13:45,16:15,0
ICN,NRT,2026-10-09,2026-10-12,407942,1,2026-07-23,13:50,16:30,0
ICN,NRT,2026-10-08,2026-10-12,404542,1,2026-07-23,13:45,16:15,0
ICN,NRT,2026-12-24,2026-12-27,491943,1,2026-07-23,13:05,15:30,0
ICN,NRT,2026-12-25,2026-12-28,557500,1,2026-07-23,22:50,00:55+1,0
ICN,NRT,2026-12-24,2026-12-28,549994,1,2026-07-23,13:05,15:30,0
ICN,NRT,2026-12-31,2027-01-03,486013,1,2026-07-23,12:40,15:15,0
ICN,NRT,2027-01-01,2027-01-04,460082,1,2026-07-23,13:05,15:30,0
ICN,NRT,2026-12-31,2027-01-04,480682,1,2026-07-23,12:40,15:15,0
ICN,KIX,2026-08-14,2026-08-17,354672,1,2026-07-23,19:20,21:15,0
ICN,KIX,2026-08-15,2026-08-18,328900,1,2026-07-23,15:20,17:00,0
ICN,KIX,2026-08-14,2026-08-18,303900,1,2026-07-23,15:20,17:00,0
ICN,KIX,2026-09-23,2026-09-26,485772,1,2026-07-23,07:30,09:20,0
ICN,KIX,2026-09-24,2026-09-27,673900,1,2026-07-23,18:50,20:35,0
ICN,KIX,2026-09-25,2026-09-28,359194,1,2026-07-23,20:55,22:45,0
ICN,KIX,2026-09-23,2026-09-27,620000,1,2026-07-23,13:00,15:00,0
ICN,KIX,2026-09-24,2026-09-28,553772,1,2026-07-23,03:25,05:15,0
ICN,KIX,2026-09-23,2026-09-28,467772,1,2026-07-23,07:30,09:20,0
ICN,KIX,2026-10-02,2026-10-05,546900,1,2026-07-23,07:30,09:20,0
ICN,KIX,2026-10-03,2026-10-06,396172,1,2026-07-23,20:55,22:45,0
ICN,KIX,2026-10-02,2026-10-06,436672,1,2026-07-23,14:50,17:00,0
ICN,KIX,2026-10-08,2026-10-11,528400,1,2026-07-23,14:50,17:00,0
ICN,KIX,2026-10-09,2026-10-12,398772,1,2026-07-23,20:55,22:45,0
ICN,KIX,2026-10-08,2026-10-12,388772,1,2026-07-23,07:30,09:20,0
ICN,KIX,2026-12-24,2026-12-27,573600,1,2026-07-23,07:00,08:50,0
ICN,KIX,2026-12-25,2026-12-28,676400,1,2026-07-23,20:50,22:40,0
ICN,KIX,2026-12-24,2026-12-28,573600,1,2026-07-23,07:00,08:50,0
ICN,KIX,2026-12-31,2027-01-03,376772,1,2026-07-23,11:20,13:05,0
ICN,KIX,2027-01-01,2027-01-04,311471,1,2026-07-23,11:20,13:05,0
ICN,KIX,2026-12-31,2027-01-04,271471,1,2026-07-23,11:20,13:05,0
ICN,DAD,2026-08-14,2026-08-17,577800,1,2026-07-23,02:35,09:20,1
ICN,DAD,2026-08-15,2026-08-18,481700,1,2026-07-23,02:35,17:25,1
ICN,DAD,2026-08-14,2026-08-18,485700,1,2026-07-23,02:35,09:20,1
ICN,DAD,2026-09-23,2026-09-26,481700,1,2026-07-23,02:35,09:20,1
ICN,DAD,2026-09-24,2026-09-27,551065,1,2026-07-23,21:30,00:30+1,0
ICN,DAD,2026-09-25,2026-09-28,376818,1,2026-07-23,20:55,23:40,0
ICN,DAD,2026-09-23,2026-09-27,485700,1,2026-07-23,02:35,09:20,1
ICN,DAD,2026-09-24,2026-09-28,476118,1,2026-07-23,21:30,00:30+1,0
ICN,DAD,2026-09-23,2026-09-28,451418,1,2026-07-23,02:35,09:20,1
ICN,DAD,2026-10-02,2026-10-05,523107,1,2026-07-23,07:00,09:40,0
ICN,DAD,2026-10-03,2026-10-06,490000,1,2026-07-23,18:50,21:35,0
ICN,DAD,2026-10-02,2026-10-06,486024,1,2026-07-23,07:00,09:40,0
ICN,DAD,2026-10-08,2026-10-11,467662,1,2026-07-23,00:30,03:15,0
ICN,DAD,2026-10-09,2026-10-12,467532,1,2026-07-23,21:30,00:30+1,0
ICN,DAD,2026-10-08,2026-10-12,389300,1,2026-07-23,00:30,03:15,0
ICN,DAD,2026-12-24,2026-12-27,683460,1,2026-07-23,22:40,01:45+1,0
ICN,DAD,2026-12-25,2026-12-28,629292,1,2026-07-23,20:30,13:10+1,1
ICN,DAD,2026-12-24,2026-12-28,683460,1,2026-07-23,22:40,01:45+1,0
ICN,DAD,2026-12-31,2027-01-03,642295,1,2026-07-23,21:50,09:20+1,1
ICN,DAD,2027-01-01,2027-01-04,520567,1,2026-07-23,20:30,13:10+1,1
ICN,DAD,2026-12-31,2027-01-04,586200,1,2026-07-23,21:50,09:20+1,1
ICN,DPS,2026-09-23,2026-09-28,654445,1,2026-07-23,11:30,00:05+1,1
ICN,ULN,2026-09-24,2026-09-28,729439,1,2026-07-23,20:20,22:50,0
ICN,ULN,2026-09-23,2026-09-28,566600,1,2026-07-23,00:05,02:45,0
ICN,ULN,2026-10-02,2026-10-05,706600,1,2026-07-23,14:20,17:00,0
ICN,ULN,2026-10-03,2026-10-06,552699,1,2026-07-23,00:05,02:45,0
ICN,ULN,2026-10-02,2026-10-06,624699,1,2026-07-23,14:20,17:00,0
ICN,ULN,2026-10-08,2026-10-11,546600,1,2026-07-23,14:20,17:00,0
ICN,ULN,2026-10-09,2026-10-12,551200,1,2026-07-23,08:35,11:10,0
ICN,ULN,2026-10-08,2026-10-12,581200,1,2026-07-23,08:35,11:10,0
ICN,ULN,2026-12-24,2026-12-27,551200,1,2026-07-23,07:45,10:25,0
ICN,ULN,2026-12-25,2026-12-28,551200,1,2026-07-23,07:45,10:25,0
ICN,ULN,2026-12-24,2026-12-28,551200,1,2026-07-23,07:45,10:25,0
ICN,ULN,2026-12-31,2027-01-03,551200,1,2026-07-23,07:45,10:25,0
ICN,ULN,2027-01-01,2027-01-04,551200,1,2026-07-23,07:45,10:25,0
ICN,ULN,2026-12-31,2027-01-04,551200,1,2026-07-23,07:45,10:25,0
ICN,PVG,2026-08-14,2026-08-17,446100,1,2026-07-23,12:15,16:50,1
ICN,PVG,2026-09-24,2026-09-28,573895,1,2026-07-23,16:55,18:05,0
ICN,PVG,2026-10-03,2026-10-06,446045,1,2026-07-23,15:30,20:05,1
ICN,PVG,2026-12-31,2027-01-03,342823,1,2026-07-23,17:40,18:55,0
ICN,PVG,2027-01-01,2027-01-04,412636,1,2026-07-23,17:40,18:55,0
ICN,PVG,2026-12-31,2027-01-04,389444,1,2026-07-23,17:40,18:55,0
ICN,TPE,2026-08-14,2026-08-18,324778,1,2026-07-23,00:30,02:15,0
ICN,TPE,2026-09-23,2026-09-26,425119,1,2026-07-23,00:30,02:15,0
ICN,TPE,2026-09-24,2026-09-27,403112,1,2026-07-23,23:00,00:35+1,0
ICN,TPE,2026-09-25,2026-09-28,285733,1,2026-07-23,23:00,00:35+1,0
ICN,TPE,2026-09-23,2026-09-27,465400,1,2026-07-23,06:40,14:25,1
ICN,TPE,2026-09-24,2026-09-28,323088,1,2026-07-23,23:00,00:35+1,0
ICN,TPE,2026-09-23,2026-09-28,382149,1,2026-07-23,00:30,02:15,0
ICN,TPE,2026-10-02,2026-10-05,387255,1,2026-07-23,00:30,02:15,0
ICN,TPE,2026-10-03,2026-10-06,309757,1,2026-07-23,23:00,00:35+1,0
ICN,TPE,2026-10-02,2026-10-06,299451,1,2026-07-23,00:30,02:15,0
ICN,TPE,2026-10-08,2026-10-11,411302,1,2026-07-23,00:30,02:15,0
ICN,TPE,2026-10-09,2026-10-12,351112,1,2026-07-23,23:00,00:35+1,0
ICN,TPE,2026-10-08,2026-10-12,351112,1,2026-07-23,23:00,00:35+1,0
ICN,TPE,2026-12-24,2026-12-27,420200,1,2026-07-23,22:10,15:45+1,1
ICN,TPE,2026-12-25,2026-12-28,466167,1,2026-07-23,00:30,02:15,0
ICN,TPE,2026-12-24,2026-12-28,427900,1,2026-07-23,14:50,14:15+1,1
ICN,TPE,2026-12-31,2027-01-03,403112,1,2026-07-23,23:00,00:45+1,0
ICN,TPE,2027-01-01,2027-01-04,403112,1,2026-07-23,23:00,00:45+1,0
ICN,TPE,2026-12-31,2027-01-04,319112,1,2026-07-23,23:00,00:45+1,0
ICN,KHH,2026-08-14,2026-08-17,410300,1,2026-07-23,13:05,15:10,0
ICN,KHH,2026-08-15,2026-08-18,345083,1,2026-07-23,13:05,15:10,0
ICN,KHH,2026-08-14,2026-08-18,355083,1,2026-07-23,13:05,15:10,0
ICN,KHH,2026-09-23,2026-09-26,524579,1,2026-07-23,10:50,12:45,0
ICN,KHH,2026-09-24,2026-09-27,470600,1,2026-07-23,22:30,14:15+1,1
ICN,KHH,2026-09-25,2026-09-28,385458,1,2026-07-23,20:35,22:40,0
ICN,KHH,2026-09-23,2026-09-27,466600,1,2026-07-23,06:40,14:15,1
ICN,KHH,2026-09-24,2026-09-28,404885,1,2026-07-23,20:35,22:40,0
ICN,KHH,2026-09-23,2026-09-28,455458,1,2026-07-23,10:50,12:45,0
ICN,KHH,2026-10-02,2026-10-05,466600,1,2026-07-23,02:35,09:30,1
ICN,KHH,2026-10-03,2026-10-06,462600,1,2026-07-23,22:30,09:30+1,1
ICN,KHH,2026-10-02,2026-10-06,466600,1,2026-07-23,02:35,09:30,1
ICN,KHH,2026-10-08,2026-10-11,533700,1,2026-07-23,01:55,10:10,1
ICN,KHH,2026-10-09,2026-10-12,466600,1,2026-07-23,22:30,09:30+1,1
ICN,KHH,2026-10-08,2026-10-12,465318,1,2026-07-23,09:45,12:00,0
ICN,KHH,2026-12-24,2026-12-27,588800,1,2026-07-23,12:00,14:15,0
ICN,KHH,2026-12-25,2026-12-28,514920,1,2026-07-23,20:35,22:40,0
ICN,KHH,2026-12-24,2026-12-28,514920,1,2026-07-23,20:35,22:40,0
ICN,KHH,2026-12-31,2027-01-03,570800,1,2026-07-23,12:00,14:15,0
ICN,KHH,2027-01-01,2027-01-04,450959,1,2026-07-23,10:50,13:05,0
ICN,KHH,2026-12-31,2027-01-04,450959,1,2026-07-23,13:25,15:55,0
ICN,NRT,2026-08-14,2026-08-17,425000,1,2026-07-23,13:45,16:15,0
ICN,NRT,2026-08-15,2026-08-18,411000,1,2026-07-23,13:45,16:15,0
ICN,NRT,2026-08-14,2026-08-18,376000,1,2026-07-23,13:45,16:15,0
ICN,NRT,2026-09-23,2026-09-26,629800,1,2026-07-23,08:50,11:20,0
ICN,NRT,2026-09-24,2026-09-27,685400,1,2026-07-23,22:35,00:55+1,0
ICN,NRT,2026-09-25,2026-09-28,489523,1,2026-07-23,09:45,12:15,0
ICN,NRT,2026-09-23,2026-09-27,820500,1,2026-07-23,06:30,11:45,1
ICN,NRT,2026-09-24,2026-09-28,629300,1,2026-07-23,22:35,00:55+1,0
ICN,NRT,2026-09-23,2026-09-28,676523,1,2026-07-23,08:10,10:40,0
ICN,NRT,2026-10-02,2026-10-05,460778,1,2026-07-23,22:35,00:55+1,0
ICN,NRT,2026-10-03,2026-10-06,413928,1,2026-07-23,15:05,17:40,0
ICN,NRT,2026-10-02,2026-10-06,407028,1,2026-07-23,13:35,16:15,0
ICN,NRT,2026-10-08,2026-10-11,449523,1,2026-07-23,13:45,16:15,0
ICN,NRT,2026-10-09,2026-10-12,427926,1,2026-07-23,13:50,16:30,0
ICN,NRT,2026-10-08,2026-10-12,404526,1,2026-07-23,13:45,16:15,0
ICN,NRT,2026-12-24,2026-12-27,491920,1,2026-07-23,13:05,15:30,0
ICN,NRT,2026-12-25,2026-12-28,557500,1,2026-07-23,22:50,00:55+1,0
ICN,NRT,2026-12-24,2026-12-28,549966,1,2026-07-23,13:05,15:30,0
ICN,NRT,2026-12-31,2027-01-03,485526,1,2026-07-23,12:40,15:15,0
ICN,NRT,2027-01-01,2027-01-04,460067,1,2026-07-23,13:05,15:30,0
ICN,NRT,2026-12-31,2027-01-04,480667,1,2026-07-23,12:40,15:15,0
ICN,KIX,2026-08-14,2026-08-17,354659,1,2026-07-23,19:20,21:15,0
ICN,KIX,2026-08-15,2026-08-18,328900,1,2026-07-23,15:20,17:00,0
ICN,KIX,2026-08-14,2026-08-18,303900,1,2026-07-23,15:20,17:00,0
ICN,KIX,2026-09-23,2026-09-26,485757,1,2026-07-23,07:30,09:20,0
ICN,KIX,2026-09-24,2026-09-27,673900,1,2026-07-23,18:50,20:35,0
ICN,KIX,2026-09-25,2026-09-28,358758,1,2026-07-23,20:55,22:45,0
ICN,KIX,2026-09-23,2026-09-27,620000,1,2026-07-23,13:00,15:00,0
ICN,KIX,2026-09-24,2026-09-28,553758,1,2026-07-23,03:25,05:15,0
ICN,KIX,2026-09-23,2026-09-28,467758,1,2026-07-23,07:30,09:20,0
ICN,KIX,2026-10-02,2026-10-05,546900,1,2026-07-23,07:30,09:20,0
ICN,KIX,2026-10-03,2026-10-06,369160,1,2026-07-23,20:55,22:45,0
ICN,KIX,2026-10-02,2026-10-06,409660,1,2026-07-23,14:50,17:00,0
ICN,KIX,2026-10-08,2026-10-11,528400,1,2026-07-23,14:50,17:00,0
ICN,KIX,2026-10-09,2026-10-12,398758,1,2026-07-23,20:55,22:45,0
ICN,KIX,2026-10-08,2026-10-12,388758,1,2026-07-23,07:30,09:20,0
ICN,KIX,2026-12-24,2026-12-27,573600,1,2026-07-23,08:05,09:50,0
ICN,KIX,2026-12-25,2026-12-28,676400,1,2026-07-23,20:50,22:40,0
ICN,KIX,2026-12-24,2026-12-28,573600,1,2026-07-23,07:00,08:50,0
ICN,KIX,2026-12-31,2027-01-03,376772,1,2026-07-23,11:20,13:05,0
ICN,KIX,2027-01-01,2027-01-04,311471,1,2026-07-23,11:20,13:05,0
ICN,KIX,2026-12-31,2027-01-04,271471,1,2026-07-23,11:20,13:05,0
ICN,DAD,2026-08-14,2026-08-17,577800,1,2026-07-23,02:35,09:20,1
ICN,DAD,2026-08-15,2026-08-18,481700,1,2026-07-23,02:35,17:25,1
ICN,DAD,2026-08-14,2026-08-18,485700,1,2026-07-23,02:35,09:20,1
ICN,DAD,2026-09-23,2026-09-26,481700,1,2026-07-23,02:35,09:20,1
ICN,DAD,2026-09-24,2026-09-27,551166,1,2026-07-23,21:30,00:30+1,0
ICN,DAD,2026-09-25,2026-09-28,376894,1,2026-07-23,20:55,23:40,0
ICN,DAD,2026-09-23,2026-09-27,485700,1,2026-07-23,02:35,09:20,1
ICN,DAD,2026-09-24,2026-09-28,476194,1,2026-07-23,21:30,00:30+1,0
ICN,DAD,2026-09-23,2026-09-28,451494,1,2026-07-23,02:35,09:20,1
ICN,DAD,2026-10-02,2026-10-05,523107,1,2026-07-23,07:00,09:40,0
ICN,DAD,2026-10-03,2026-10-06,490000,1,2026-07-23,18:50,21:35,0
ICN,DAD,2026-10-02,2026-10-06,486024,1,2026-07-23,07:00,09:40,0
ICN,DAD,2026-10-08,2026-10-11,467757,1,2026-07-23,00:30,03:15,0
ICN,DAD,2026-10-09,2026-10-12,467626,1,2026-07-23,21:30,00:30+1,0
ICN,DAD,2026-10-08,2026-10-12,389300,1,2026-07-23,00:30,03:15,0
ICN,DAD,2026-12-24,2026-12-27,683570,1,2026-07-23,22:40,01:45+1,0
ICN,DAD,2026-12-25,2026-12-28,629402,1,2026-07-23,20:30,13:10+1,1
ICN,DAD,2026-12-24,2026-12-28,683570,1,2026-07-23,22:40,01:45+1,0
ICN,DAD,2026-12-31,2027-01-03,642401,1,2026-07-23,21:50,09:20+1,1
ICN,DAD,2027-01-01,2027-01-04,520661,1,2026-07-23,20:30,13:10+1,1
ICN,DAD,2026-12-31,2027-01-04,586200,1,2026-07-23,21:50,09:20+1,1
ICN,DPS,2026-09-23,2026-09-28,654826,1,2026-07-23,11:30,00:05+1,1
ICN,ULN,2026-08-14,2026-08-17,968400,1,2026-07-23,08:00,16:45,1
ICN,ULN,2026-08-15,2026-08-18,1038600,1,2026-07-23,10:00,12:40,0
ICN,ULN,2026-08-14,2026-08-18,1050096,1,2026-07-23,08:00,16:45,1
ICN,ULN,2026-09-23,2026-09-26,566600,1,2026-07-23,00:05,02:45,0
ICN,ULN,2026-09-24,2026-09-27,833200,1,2026-07-23,01:55,16:45,1
ICN,ULN,2026-09-25,2026-09-28,551040,1,2026-07-23,20:20,23:05,0
ICN,ULN,2026-09-23,2026-09-27,751600,1,2026-07-23,00:05,02:45,0
ICN,ULN,2026-09-24,2026-09-28,729440,1,2026-07-23,20:20,22:50,0
ICN,ULN,2026-09-23,2026-09-28,566600,1,2026-07-23,00:05,02:45,0
ICN,ULN,2026-10-02,2026-10-05,706600,1,2026-07-23,14:20,17:00,0
ICN,ULN,2026-10-03,2026-10-06,552289,1,2026-07-23,00:05,02:45,0
ICN,ULN,2026-10-02,2026-10-06,624289,1,2026-07-23,14:20,17:00,0
ICN,ULN,2026-10-08,2026-10-11,546600,1,2026-07-23,14:20,17:00,0
ICN,ULN,2026-10-09,2026-10-12,551200,1,2026-07-23,08:35,11:10,0
ICN,ULN,2026-10-08,2026-10-12,581200,1,2026-07-23,08:35,11:10,0
ICN,ULN,2026-12-24,2026-12-27,551200,1,2026-07-23,07:45,10:25,0
ICN,ULN,2026-12-25,2026-12-28,551200,1,2026-07-23,07:45,10:25,0
ICN,ULN,2026-12-24,2026-12-28,551200,1,2026-07-23,07:45,10:25,0
ICN,ULN,2026-12-31,2027-01-03,551200,1,2026-07-23,07:45,10:25,0
ICN,ULN,2027-01-01,2027-01-04,551200,1,2026-07-23,07:45,10:25,0
ICN,ULN,2026-12-31,2027-01-04,551200,1,2026-07-23,07:45,10:25,0
ICN,PVG,2026-08-14,2026-08-17,446100,1,2026-07-23,12:15,16:50,1
ICN,PVG,2026-08-15,2026-08-18,421900,1,2026-07-23,22:55,09:10+1,1
ICN,PVG,2026-08-14,2026-08-18,446100,1,2026-07-23,12:15,16:50,1
ICN,PVG,2026-09-23,2026-09-26,573431,1,2026-07-23,15:30,20:05,1
ICN,PVG,2026-09-24,2026-09-27,600600,1,2026-07-23,09:25,23:30,1
ICN,PVG,2026-09-25,2026-09-28,482996,1,2026-07-23,16:55,18:00,0
ICN,PVG,2026-09-23,2026-09-27,497595,1,2026-07-23,12:15,16:50,1
ICN,PVG,2026-09-24,2026-09-28,573896,1,2026-07-23,16:55,18:05,0
ICN,PVG,2026-09-23,2026-09-28,497595,1,2026-07-23,12:15,16:50,1
ICN,PVG,2026-10-02,2026-10-05,443700,1,2026-07-23,08:35,19:15,1
ICN,PVG,2026-10-03,2026-10-06,445626,1,2026-07-23,15:30,20:05,1
ICN,PVG,2026-10-02,2026-10-06,456526,1,2026-07-23,08:35,19:15,1
ICN,PVG,2026-10-08,2026-10-11,577790,1,2026-07-23,09:25,14:10,1
ICN,PVG,2026-10-09,2026-10-12,456090,1,2026-07-23,23:40,09:40+1,1
ICN,PVG,2026-10-08,2026-10-12,577790,1,2026-07-23,09:25,14:10,1
ICN,PVG,2026-12-24,2026-12-27,388958,1,2026-07-23,17:40,18:55,0
ICN,PVG,2026-12-25,2026-12-28,454343,1,2026-07-23,17:40,18:55,0
ICN,PVG,2026-12-24,2026-12-28,431643,1,2026-07-23,17:40,18:55,0
ICN,PVG,2026-12-31,2027-01-03,342425,1,2026-07-23,17:40,18:55,0
ICN,PVG,2027-01-01,2027-01-04,412144,1,2026-07-23,17:40,18:55,0
ICN,PVG,2026-12-31,2027-01-04,389444,1,2026-07-23,17:40,18:55,0
ICN,TPE,2026-08-14,2026-08-17,355273,1,2026-07-23,00:30,02:15,0
ICN,TPE,2026-08-15,2026-08-18,319112,1,2026-07-23,23:00,00:35+1,0
ICN,TPE,2026-08-14,2026-08-18,324649,1,2026-07-23,00:30,02:15,0
ICN,TPE,2026-09-23,2026-09-26,424962,1,2026-07-23,00:30,02:15,0
ICN,TPE,2026-09-24,2026-09-27,403112,1,2026-07-23,23:00,00:35+1,0
ICN,TPE,2026-09-25,2026-09-28,285609,1,2026-07-23,23:00,00:35+1,0
ICN,TPE,2026-09-23,2026-09-27,465400,1,2026-07-23,06:40,14:25,1
ICN,TPE,2026-09-24,2026-09-28,322964,1,2026-07-23,23:00,00:35+1,0
ICN,TPE,2026-09-23,2026-09-28,382025,1,2026-07-23,00:30,02:15,0
ICN,TPE,2026-10-02,2026-10-05,387079,1,2026-07-23,00:30,02:15,0
ICN,TPE,2026-10-03,2026-10-06,309757,1,2026-07-23,23:00,00:35+1,0
ICN,TPE,2026-10-02,2026-10-06,299342,1,2026-07-23,00:30,02:15,0
ICN,TPE,2026-10-08,2026-10-11,411122,1,2026-07-23,00:30,02:15,0
ICN,TPE,2026-10-09,2026-10-12,351112,1,2026-07-23,23:00,00:35+1,0
ICN,TPE,2026-10-08,2026-10-12,351112,1,2026-07-23,23:00,00:35+1,0
ICN,TPE,2026-12-24,2026-12-27,420200,1,2026-07-23,22:10,15:45+1,1
ICN,TPE,2026-12-25,2026-12-28,466004,1,2026-07-23,00:30,02:15,0
ICN,TPE,2026-12-24,2026-12-28,427900,1,2026-07-23,14:50,14:15+1,1
ICN,TPE,2026-12-31,2027-01-03,403112,1,2026-07-23,23:00,00:45+1,0
ICN,TPE,2027-01-01,2027-01-04,403112,1,2026-07-23,23:00,00:45+1,0
ICN,TPE,2026-12-31,2027-01-04,319112,1,2026-07-23,23:00,00:45+1,0
ICN,KHH,2026-08-14,2026-08-17,410300,1,2026-07-23,13:05,15:10,0
ICN,KHH,2026-08-15,2026-08-18,377662,1,2026-07-23,13:05,15:10,0
ICN,KHH,2026-08-14,2026-08-18,377662,1,2026-07-23,13:05,15:10,0
ICN,KHH,2026-09-23,2026-09-26,523597,1,2026-07-23,10:50,12:45,0
ICN,KHH,2026-09-24,2026-09-27,470600,1,2026-07-23,22:30,14:15+1,1
ICN,KHH,2026-09-25,2026-09-28,385443,1,2026-07-23,20:35,22:40,0
ICN,KHH,2026-09-23,2026-09-27,466600,1,2026-07-23,06:40,14:15,1
ICN,KHH,2026-09-24,2026-09-28,404743,1,2026-07-23,20:35,22:40,0
ICN,KHH,2026-09-23,2026-09-28,455443,1,2026-07-23,10:50,12:45,0
ICN,KHH,2026-10-02,2026-10-05,466600,1,2026-07-23,02:35,09:30,1
ICN,KHH,2026-10-03,2026-10-06,462600,1,2026-07-23,22:30,09:30+1,1
ICN,KHH,2026-10-02,2026-10-06,466600,1,2026-07-23,02:35,09:30,1
ICN,KHH,2026-10-08,2026-10-11,533700,1,2026-07-23,01:55,10:10,1
ICN,KHH,2026-10-09,2026-10-12,466600,1,2026-07-23,22:30,09:30+1,1
ICN,KHH,2026-12-24,2026-12-27,588800,1,2026-07-23,12:00,14:15,0
ICN,KHH,2026-12-25,2026-12-28,514761,1,2026-07-23,20:35,22:40,0
ICN,KHH,2026-12-24,2026-12-28,514761,1,2026-07-23,20:35,22:40,0
ICN,KHH,2026-12-31,2027-01-03,570800,1,2026-07-23,12:00,14:15,0
ICN,KHH,2027-01-01,2027-01-04,450944,1,2026-07-23,10:50,13:05,0
ICN,KHH,2026-12-31,2027-01-04,450944,1,2026-07-23,13:25,15:55,0
ICN,DPS,2026-09-23,2026-09-28,1321100,1,2026-07-23,16:10,22:10,0
ICN,DPS,2026-09-23,2026-09-28,654642,1,2026-07-23,11:30,00:05+1,1
ICN,PQC,2026-08-14,2026-08-17,647597,1,2026-07-23,05:00,08:25,0
ICN,PQC,2026-08-15,2026-08-18,479383,1,2026-07-23,19:50,23:35,0
ICN,PQC,2026-08-15,2026-08-18,653800,1,2026-07-23,22:30,18:05+1,1
ICN,PQC,2026-08-14,2026-08-18,517719,1,2026-07-23,05:00,08:25,0
ICN,PQC,2026-08-14,2026-08-18,653800,1,2026-07-23,06:40,18:05,1
ICN,PQC,2026-09-23,2026-09-26,841300,1,2026-07-23,01:45,05:25,0
ICN,PQC,2026-09-23,2026-09-26,478400,1,2026-07-23,15:25,18:05+1,1
ICN,PQC,2026-09-24,2026-09-27,920300,1,2026-07-23,01:45,05:25,0
ICN,PQC,2026-09-24,2026-09-27,727600,1,2026-07-23,22:30,09:40+1,1
ICN,PQC,2026-09-25,2026-09-28,467577,1,2026-07-23,02:10,05:35,0
ICN,PQC,2026-09-25,2026-09-28,565700,1,2026-07-23,02:35,09:40,1
ICN,PQC,2026-09-23,2026-09-27,841300,1,2026-07-23,01:45,05:25,0
ICN,PQC,2026-09-23,2026-09-27,601200,1,2026-07-23,15:25,18:05+1,1
ICN,PQC,2026-09-24,2026-09-28,674600,1,2026-07-23,17:20,21:25,0
ICN,PQC,2026-09-24,2026-09-28,604800,1,2026-07-23,22:30,09:40+1,1
ICN,PQC,2026-09-23,2026-09-28,841300,1,2026-07-23,01:45,05:25,0
ICN,PQC,2026-09-23,2026-09-28,478400,1,2026-07-23,15:25,18:05+1,1
ICN,PQC,2026-10-02,2026-10-05,402526,1,2026-07-23,02:10,05:35,0
ICN,PQC,2026-10-02,2026-10-05,745900,1,2026-07-23,00:15,09:20,1
ICN,PQC,2026-10-03,2026-10-06,430205,1,2026-07-23,02:10,05:35,0
ICN,PQC,2026-10-03,2026-10-06,679900,1,2026-07-23,00:15,09:20,1
ICN,PQC,2026-10-02,2026-10-06,402526,1,2026-07-23,02:10,05:35,0
ICN,PQC,2026-10-08,2026-10-11,456595,1,2026-07-23,02:10,05:35,0
ICN,PQC,2026-10-08,2026-10-11,564200,1,2026-07-23,06:40,18:05,1
ICN,PQC,2026-10-09,2026-10-12,365423,1,2026-07-23,05:00,08:25,0
ICN,PQC,2026-10-09,2026-10-12,478400,1,2026-07-23,22:30,18:05+1,1
ICN,PQC,2026-10-08,2026-10-12,402526,1,2026-07-23,02:10,05:35,0
ICN,PQC,2026-10-08,2026-10-12,548900,1,2026-07-23,06:40,18:05,1
ICN,PQC,2026-12-24,2026-12-27,750140,1,2026-07-23,05:00,08:50,0
ICN,PQC,2026-12-25,2026-12-28,750011,1,2026-07-23,05:00,08:50,0
ICN,PQC,2026-12-24,2026-12-28,750011,1,2026-07-23,05:00,08:50,0
ICN,PQC,2026-12-31,2027-01-03,821999,1,2026-07-23,05:00,08:50,0
ICN,PQC,2026-12-31,2027-01-03,775900,1,2026-07-23,00:15,09:20,1
ICN,PQC,2027-01-01,2027-01-04,731372,1,2026-07-23,02:20,06:00,0
ICN,PQC,2027-01-01,2027-01-04,775900,1,2026-07-23,00:15,09:20,1
ICN,PQC,2026-12-31,2027-01-04,821999,1,2026-07-23,05:00,08:50,0
ICN,PQC,2026-12-31,2027-01-04,775900,1,2026-07-23,00:15,09:20,1
ICN,GUM,2026-08-14,2026-08-17,391870,1,2026-07-23,19:25,01:00+1,0
ICN,GUM,2026-08-15,2026-08-18,301322,1,2026-07-23,19:25,01:00+1,0
ICN,GUM,2026-08-14,2026-08-18,371322,1,2026-07-23,19:25,01:00+1,0
ICN,GUM,2026-09-23,2026-09-26,649900,1,2026-07-23,18:15,23:45,0
ICN,GUM,2026-09-24,2026-09-27,589900,1,2026-07-23,22:05,03:35+1,0
ICN,GUM,2026-09-25,2026-09-28,539900,1,2026-07-23,22:05,03:35+1,0
ICN,GUM,2026-09-23,2026-09-27,669900,1,2026-07-23,18:15,23:45,0
ICN,GUM,2026-09-24,2026-09-28,569900,1,2026-07-23,22:05,03:35+1,0
ICN,GUM,2026-09-23,2026-09-28,649900,1,2026-07-23,18:15,23:45,0
ICN,GUM,2026-10-02,2026-10-05,689900,1,2026-07-23,22:05,03:35+1,0
ICN,GUM,2026-10-03,2026-10-06,549500,1,2026-07-23,19:25,01:00+1,0
ICN,GUM,2026-10-02,2026-10-06,549500,1,2026-07-23,19:25,01:00+1,0
ICN,GUM,2026-10-08,2026-10-11,474500,1,2026-07-23,19:25,01:00+1,0
ICN,GUM,2026-10-09,2026-10-12,443688,1,2026-07-23,19:25,01:00+1,0
ICN,GUM,2026-10-08,2026-10-12,563988,1,2026-07-23,18:25,23:55,0
ICN,GUM,2026-12-24,2026-12-27,820100,1,2026-07-23,19:45,01:00+1,0
ICN,GUM,2026-12-25,2026-12-28,820100,1,2026-07-23,19:45,01:00+1,0
ICN,GUM,2026-12-24,2026-12-28,820100,1,2026-07-23,19:45,01:00+1,0
ICN,GUM,2026-12-31,2027-01-03,820100,1,2026-07-23,19:45,01:00+1,0
ICN,GUM,2027-01-01,2027-01-04,849911,1,2026-07-23,19:45,01:00+1,0
ICN,GUM,2026-12-31,2027-01-04,820100,1,2026-07-23,19:45,01:00+1,0
ICN,NRT,2026-08-14,2026-08-17,425000,1,2026-07-23,13:45,16:15,0
ICN,NRT,2026-08-15,2026-08-18,411000,1,2026-07-23,13:45,16:15,0
ICN,NRT,2026-08-14,2026-08-18,376000,1,2026-07-23,13:45,16:15,0
ICN,NRT,2026-09-23,2026-09-26,629800,1,2026-07-23,08:50,11:20,0
ICN,NRT,2026-09-23,2026-09-26,830500,1,2026-07-23,06:30,11:45,1
ICN,NRT,2026-09-24,2026-09-27,685400,1,2026-07-23,22:35,00:55+1,0
ICN,NRT,2026-09-25,2026-09-28,483630,1,2026-07-23,08:35,11:05,0
ICN,NRT,2026-09-25,2026-09-28,728000,1,2026-07-23,08:05,10:05+1,1
ICN,NRT,2026-09-23,2026-09-27,844300,1,2026-07-23,08:50,11:20,0
ICN,NRT,2026-09-23,2026-09-27,820500,1,2026-07-23,06:30,11:45,1
ICN,NRT,2026-09-24,2026-09-28,629300,1,2026-07-23,22:35,00:55+1,0
ICN,NRT,2026-09-23,2026-09-28,676530,1,2026-07-23,08:10,10:40,0
ICN,NRT,2026-09-23,2026-09-28,828178,1,2026-07-23,06:30,16:25,1
ICN,NRT,2026-10-02,2026-10-05,460783,1,2026-07-23,22:35,00:55+1,0
ICN,NRT,2026-10-03,2026-10-06,413933,1,2026-07-23,15:05,17:40,0
ICN,NRT,2026-10-02,2026-10-06,407033,1,2026-07-23,13:35,16:15,0
ICN,NRT,2026-10-08,2026-10-11,449530,1,2026-07-23,13:45,16:15,0
ICN,NRT,2026-10-09,2026-10-12,427932,1,2026-07-23,13:50,16:30,0
ICN,NRT,2026-10-08,2026-10-12,404532,1,2026-07-23,13:45,16:15,0
ICN,NRT,2026-12-24,2026-12-27,491928,1,2026-07-23,13:05,15:30,0
ICN,NRT,2026-12-25,2026-12-28,557500,1,2026-07-23,22:50,00:55+1,0
ICN,NRT,2026-12-24,2026-12-28,549976,1,2026-07-23,13:05,15:30,0
ICN,NRT,2026-12-31,2027-01-03,485532,1,2026-07-23,12:40,15:15,0
ICN,NRT,2027-01-01,2027-01-04,460072,1,2026-07-23,13:05,15:30,0
ICN,NRT,2026-12-31,2027-01-04,480672,1,2026-07-23,12:40,15:15,0
ICN,KIX,2026-08-14,2026-08-17,354663,1,2026-07-23,19:20,21:15,0
ICN,KIX,2026-08-14,2026-08-17,720500,1,2026-07-23,08:00,13:35,1
ICN,KIX,2026-08-15,2026-08-18,328900,1,2026-07-23,15:20,17:00,0
ICN,KIX,2026-08-15,2026-08-18,746500,1,2026-07-23,19:55,07:25+1,1
ICN,KIX,2026-08-14,2026-08-18,313900,1,2026-07-23,15:20,17:00,0
ICN,KIX,2026-08-14,2026-08-18,648000,1,2026-07-23,08:00,13:35,1
ICN,KIX,2026-09-23,2026-09-26,485762,1,2026-07-23,07:30,09:20,0
ICN,KIX,2026-09-23,2026-09-26,798600,1,2026-07-23,12:05,20:50,1
ICN,KIX,2026-09-24,2026-09-27,673900,1,2026-07-23,18:50,20:35,0
ICN,KIX,2026-09-24,2026-09-27,860800,1,2026-07-23,18:30,07:35+1,1
ICN,KIX,2026-09-25,2026-09-28,358763,1,2026-07-23,20:55,22:45,0
ICN,KIX,2026-09-25,2026-09-28,695500,1,2026-07-23,08:00,13:35,1
ICN,KIX,2026-09-23,2026-09-27,643900,1,2026-07-23,07:30,09:20,0
ICN,KIX,2026-09-23,2026-09-27,795300,1,2026-07-23,06:30,16:15,1
ICN,KIX,2026-09-24,2026-09-28,553763,1,2026-07-23,03:25,05:15,0
ICN,KIX,2026-09-24,2026-09-28,695500,1,2026-07-23,19:55,17:55+1,1
ICN,KIX,2026-09-23,2026-09-28,467763,1,2026-07-23,07:30,09:20,0
ICN,KIX,2026-09-23,2026-09-28,731700,1,2026-07-23,06:30,16:15,1
ICN,KIX,2026-10-02,2026-10-05,546900,1,2026-07-23,07:30,09:20,0
ICN,KIX,2026-10-02,2026-10-05,794000,1,2026-07-23,13:55,18:55,1
ICN,KIX,2026-10-03,2026-10-06,369164,1,2026-07-23,20:55,22:45,0
ICN,KIX,2026-10-03,2026-10-06,721500,1,2026-07-23,19:55,15:05+1,1
ICN,KIX,2026-10-02,2026-10-06,409664,1,2026-07-23,14:50,17:00,0
ICN,KIX,2026-10-02,2026-10-06,721500,1,2026-07-23,19:55,17:05+1,1
ICN,KIX,2026-10-08,2026-10-11,528400,1,2026-07-23,14:50,17:00,0
ICN,KIX,2026-10-08,2026-10-11,776500,1,2026-07-23,19:55,14:05+1,1
ICN,KIX,2026-10-09,2026-10-12,398763,1,2026-07-23,20:55,22:45,0
ICN,KIX,2026-10-09,2026-10-12,639400,1,2026-07-23,17:35,15:05+1,1
ICN,KIX,2026-10-08,2026-10-12,388763,1,2026-07-23,07:30,09:20,0
ICN,KIX,2026-10-08,2026-10-12,639400,1,2026-07-23,10:30,15:05,1
ICN,KIX,2026-12-24,2026-12-27,573600,1,2026-07-23,08:05,09:50,0
ICN,KIX,2026-12-24,2026-12-27,795300,1,2026-07-23,13:10,18:05,1
ICN,KIX,2026-12-25,2026-12-28,676400,1,2026-07-23,20:50,22:40,0
ICN,KIX,2026-12-25,2026-12-28,698400,1,2026-07-23,21:10,11:25+1,1
ICN,KIX,2027-01-01,2027-01-04,311435,1,2026-07-23,11:20,13:05,0
ICN,KIX,2027-01-01,2027-01-04,695500,1,2026-07-23,19:50,13:25+1,1
ICN,KIX,2026-12-31,2027-01-04,271435,1,2026-07-23,11:20,13:05,0
ICN,KIX,2026-12-31,2027-01-04,698400,1,2026-07-23,22:10,11:25+1,1
ICN,DAD,2026-08-14,2026-08-17,804920,1,2026-07-23,07:00,09:40,0
ICN,DAD,2026-08-14,2026-08-17,577800,1,2026-07-23,02:35,09:20,1
ICN,DAD,2026-08-15,2026-08-18,550503,1,2026-07-23,22:45,01:25+1,0
ICN,DAD,2026-08-15,2026-08-18,481700,1,2026-07-23,02:35,17:25,1
ICN,DAD,2026-08-14,2026-08-18,656510,1,2026-07-23,22:45,01:25+1,0
ICN,DAD,2026-08-14,2026-08-18,485700,1,2026-07-23,02:35,09:20,1
ICN,DAD,2026-09-23,2026-09-26,732500,1,2026-07-23,00:30,03:15,0
ICN,DAD,2026-09-23,2026-09-26,481700,1,2026-07-23,02:35,09:20,1
ICN,DAD,2026-09-24,2026-09-27,551043,1,2026-07-23,21:30,00:30+1,0
ICN,DAD,2026-09-24,2026-09-27,573000,1,2026-07-23,22:30,09:20+1,1
ICN,DAD,2026-09-25,2026-09-28,376803,1,2026-07-23,20:55,23:40,0
ICN,DAD,2026-09-25,2026-09-28,485700,1,2026-07-23,02:35,09:20,1
ICN,DAD,2026-09-23,2026-09-27,732500,1,2026-07-23,00:30,03:15,0
ICN,DAD,2026-09-23,2026-09-27,485700,1,2026-07-23,02:35,09:20,1
ICN,DAD,2026-09-24,2026-09-28,476103,1,2026-07-23,21:30,00:30+1,0
ICN,DAD,2026-09-24,2026-09-28,569000,1,2026-07-23,22:30,09:20+1,1
ICN,DAD,2026-09-23,2026-09-28,502003,1,2026-07-23,00:30,03:15,0
ICN,DAD,2026-09-23,2026-09-28,451403,1,2026-07-23,02:35,09:20,1
ICN,DAD,2026-10-02,2026-10-05,523086,1,2026-07-23,07:00,09:40,0
ICN,DAD,2026-10-02,2026-10-05,731000,1,2026-07-23,20:35,09:00+1,1
ICN,DAD,2026-10-03,2026-10-06,490000,1,2026-07-23,18:50,21:35,0
ICN,DAD,2026-10-03,2026-10-06,699600,1,2026-07-23,17:35,12:50+1,1
ICN,DAD,2026-10-02,2026-10-06,486007,1,2026-07-23,07:00,09:40,0
ICN,DAD,2026-10-02,2026-10-06,789600,1,2026-07-23,17:35,12:50+1,1
ICN,DAD,2026-10-08,2026-10-11,467643,1,2026-07-23,00:30,03:15,0
ICN,DAD,2026-10-08,2026-10-11,546600,1,2026-07-23,20:30,15:20+1,1
ICN,DAD,2026-10-09,2026-10-12,409982,1,2026-07-23,21:30,00:30+1,0
ICN,DAD,2026-10-09,2026-10-12,481700,1,2026-07-23,22:30,17:25+1,1
ICN,DAD,2026-10-08,2026-10-12,389300,1,2026-07-23,00:30,03:15,0
ICN,DAD,2026-10-08,2026-10-12,754600,1,2026-07-23,17:35,13:50+1,1
ICN,DAD,2026-12-24,2026-12-27,683437,1,2026-07-23,22:40,01:45+1,0
ICN,DAD,2026-12-24,2026-12-27,789600,1,2026-07-23,18:45,01:00+1,1
ICN,DAD,2026-12-25,2026-12-28,683437,1,2026-07-23,22:40,01:45+1,0
ICN,DAD,2026-12-25,2026-12-28,629269,1,2026-07-23,20:30,13:10+1,1
ICN,DAD,2026-12-24,2026-12-28,683437,1,2026-07-23,22:40,01:45+1,0
ICN,DAD,2026-12-24,2026-12-28,789600,1,2026-07-23,18:45,01:00+1,1
ICN,DAD,2026-12-31,2027-01-03,669441,1,2026-07-23,22:40,01:45+1,0
ICN,DAD,2026-12-31,2027-01-03,642273,1,2026-07-23,21:50,09:20+1,1
ICN,DAD,2027-01-01,2027-01-04,669441,1,2026-07-23,22:40,01:45+1,0
ICN,DAD,2027-01-01,2027-01-04,520548,1,2026-07-23,20:30,13:10+1,1
ICN,DAD,2026-12-31,2027-01-04,675600,1,2026-07-23,00:30,03:35,0
ICN,DAD,2026-12-31,2027-01-04,586200,1,2026-07-23,21:50,09:20+1,1
ICN,DPS,2026-09-23,2026-09-28,1321100,1,2026-07-23,16:10,22:10,0
ICN,DPS,2026-09-23,2026-09-28,654450,1,2026-07-23,11:30,00:05+1,1
ICN,ULN,2026-08-14,2026-08-17,1254200,1,2026-07-23,00:05,02:45,0
ICN,ULN,2026-08-14,2026-08-17,968400,1,2026-07-23,08:00,16:45,1
ICN,ULN,2026-08-15,2026-08-18,1261900,1,2026-07-23,20:40,23:25,0
ICN,ULN,2026-08-15,2026-08-18,1407200,1,2026-07-23,09:05,17:15,1
ICN,ULN,2026-08-14,2026-08-18,1254200,1,2026-07-23,00:05,02:45,0
ICN,ULN,2026-08-14,2026-08-18,1407200,1,2026-07-23,09:05,17:15,1
ICN,ULN,2026-09-23,2026-09-26,566600,1,2026-07-23,00:05,02:45,0
ICN,ULN,2026-09-23,2026-09-26,858200,1,2026-07-23,08:00,23:10,1
ICN,ULN,2026-09-24,2026-09-27,931600,1,2026-07-23,00:05,02:45,0
ICN,ULN,2026-09-24,2026-09-27,833200,1,2026-07-23,01:55,16:45,1
ICN,ULN,2026-09-25,2026-09-28,551596,1,2026-07-23,20:20,23:05,0
ICN,ULN,2026-09-23,2026-09-27,751600,1,2026-07-23,00:05,02:45,0
ICN,ULN,2026-09-23,2026-09-27,833200,1,2026-07-23,08:00,23:10,1
ICN,ULN,2026-09-24,2026-09-28,729996,1,2026-07-23,20:20,22:50,0
ICN,ULN,2026-09-24,2026-09-28,1674549,1,2026-07-23,09:05,15:05+1,1
ICN,ULN,2026-09-23,2026-09-28,566600,1,2026-07-23,00:05,02:45,0
ICN,ULN,2026-09-23,2026-09-28,858200,1,2026-07-23,08:00,23:10,1
ICN,ULN,2026-10-02,2026-10-05,706600,1,2026-07-23,14:20,17:00,0
ICN,ULN,2026-10-02,2026-10-05,723200,1,2026-07-23,08:00,16:45,1
ICN,ULN,2026-10-03,2026-10-06,552705,1,2026-07-23,00:05,02:45,0
ICN,ULN,2026-10-03,2026-10-06,723200,1,2026-07-23,08:00,23:10,1
ICN,ULN,2026-10-02,2026-10-06,624705,1,2026-07-23,14:20,17:00,0
ICN,ULN,2026-10-02,2026-10-06,723200,1,2026-07-23,08:00,16:45,1
ICN,ULN,2026-10-08,2026-10-11,546600,1,2026-07-23,14:20,17:00,0
ICN,ULN,2026-10-08,2026-10-11,778200,1,2026-07-23,20:05,16:45+1,1
ICN,ULN,2026-10-09,2026-10-12,551200,1,2026-07-23,08:35,11:10,0
ICN,ULN,2026-10-09,2026-10-12,778200,1,2026-07-23,08:00,16:45,1
ICN,ULN,2026-10-08,2026-10-12,581200,1,2026-07-23,08:35,11:10,0
ICN,ULN,2026-10-08,2026-10-12,723200,1,2026-07-23,08:00,16:45,1
ICN,ULN,2026-12-24,2026-12-27,551200,1,2026-07-23,07:45,10:25,0
ICN,ULN,2026-12-24,2026-12-27,1359700,1,2026-07-23,20:50,23:05+1,1
ICN,ULN,2026-12-25,2026-12-28,581200,1,2026-07-23,07:45,10:25,0
ICN,ULN,2026-12-25,2026-12-28,1132700,1,2026-07-23,09:25,23:05,1
ICN,ULN,2026-12-24,2026-12-28,581200,1,2026-07-23,07:45,10:25,0
ICN,ULN,2026-12-24,2026-12-28,1359700,1,2026-07-23,20:50,23:05+1,1
ICN,ULN,2026-12-31,2027-01-03,551200,1,2026-07-23,07:45,10:25,0
ICN,ULN,2026-12-31,2027-01-03,2043500,1,2026-07-23,19:50,20:35+1,1
ICN,ULN,2027-01-01,2027-01-04,551200,1,2026-07-23,07:45,10:25,0
ICN,ULN,2027-01-01,2027-01-04,1407200,1,2026-07-23,09:00,23:05,1
ICN,ULN,2026-12-31,2027-01-04,551200,1,2026-07-23,07:45,10:25,0
ICN,ULN,2026-12-31,2027-01-04,2043500,1,2026-07-23,07:45,20:35,1
ICN,PVG,2026-08-14,2026-08-17,488900,1,2026-07-23,21:30,22:45,0
ICN,PVG,2026-08-14,2026-08-17,446100,1,2026-07-23,12:15,16:50,1
ICN,PVG,2026-08-15,2026-08-18,466000,1,2026-07-23,21:30,22:45,0
ICN,PVG,2026-08-15,2026-08-18,421900,1,2026-07-23,22:55,09:10+1,1
ICN,PVG,2026-08-14,2026-08-18,456045,1,2026-07-23,16:55,18:00,0
ICN,PVG,2026-08-14,2026-08-18,446100,1,2026-07-23,12:15,16:50,1
ICN,PVG,2026-09-23,2026-09-26,674000,1,2026-07-23,12:35,13:40,0
ICN,PVG,2026-09-23,2026-09-26,573466,1,2026-07-23,14:00,20:05,1
ICN,PVG,2026-09-24,2026-09-27,674000,1,2026-07-23,21:30,22:45,0
ICN,PVG,2026-09-24,2026-09-27,600600,1,2026-07-23,09:25,23:30,1
ICN,PVG,2026-09-25,2026-09-28,483022,1,2026-07-23,16:55,18:00,0
ICN,PVG,2026-09-25,2026-09-28,518384,1,2026-07-23,23:40,09:40+1,1
ICN,PVG,2026-09-23,2026-09-27,674000,1,2026-07-23,12:35,13:40,0
ICN,PVG,2026-09-23,2026-09-27,497622,1,2026-07-23,12:15,16:50,1
ICN,PVG,2026-09-24,2026-09-28,573922,1,2026-07-23,16:55,18:05,0
ICN,PVG,2026-09-24,2026-09-28,611500,1,2026-07-23,09:25,14:10,1
ICN,PVG,2026-09-23,2026-09-28,678500,1,2026-07-23,16:00,17:05,0
ICN,PVG,2026-09-23,2026-09-28,497622,1,2026-07-23,12:15,16:50,1
ICN,PVG,2026-10-02,2026-10-05,646300,1,2026-07-23,12:35,13:45,0
ICN,PVG,2026-10-02,2026-10-05,443700,1,2026-07-23,08:35,19:15,1
ICN,PVG,2026-10-03,2026-10-06,589500,1,2026-07-23,12:35,13:45,0
ICN,PVG,2026-10-03,2026-10-06,445646,1,2026-07-23,15:30,20:05,1
ICN,PVG,2026-10-02,2026-10-06,489146,1,2026-07-23,16:55,18:00,0
ICN,PVG,2026-10-02,2026-10-06,456546,1,2026-07-23,08:35,19:15,1
ICN,PVG,2026-10-08,2026-10-11,623075,1,2026-07-23,16:55,18:05,0
ICN,PVG,2026-10-08,2026-10-11,577807,1,2026-07-23,09:25,14:10,1
ICN,PVG,2026-10-09,2026-10-12,608107,1,2026-07-23,16:55,18:00,0
ICN,PVG,2026-10-09,2026-10-12,456107,1,2026-07-23,23:40,09:40+1,1
ICN,PVG,2026-10-08,2026-10-12,684900,1,2026-07-23,12:35,13:45,0
ICN,PVG,2026-10-08,2026-10-12,577807,1,2026-07-23,09:25,14:10,1
ICN,PVG,2026-12-24,2026-12-27,388885,1,2026-07-23,17:40,18:55,0
ICN,PVG,2026-12-24,2026-12-27,543800,1,2026-07-23,09:25,22:50,1
ICN,PVG,2026-12-25,2026-12-28,454364,1,2026-07-23,17:40,18:55,0
ICN,PVG,2026-12-25,2026-12-28,526900,1,2026-07-23,13:30,21:00,1
ICN,PVG,2026-12-24,2026-12-28,431664,1,2026-07-23,17:40,18:55,0
ICN,PVG,2026-12-24,2026-12-28,554700,1,2026-07-23,09:25,14:55,1
ICN,PVG,2026-12-31,2027-01-03,342445,1,2026-07-23,17:40,18:55,0
ICN,PVG,2026-12-31,2027-01-03,543800,1,2026-07-23,09:25,22:50,1
ICN,PVG,2027-01-01,2027-01-04,412043,1,2026-07-23,17:40,18:55,0
ICN,PVG,2026-12-31,2027-01-04,389468,1,2026-07-23,17:40,18:55,0
ICN,TPE,2026-08-14,2026-08-17,355306,1,2026-07-23,00:30,02:15,0
ICN,TPE,2026-08-15,2026-08-18,319112,1,2026-07-23,23:00,00:35+1,0
ICN,TPE,2026-08-14,2026-08-18,324677,1,2026-07-23,00:30,02:15,0
ICN,TPE,2026-08-14,2026-08-18,455600,1,2026-07-23,21:15,10:50+1,1
ICN,TPE,2026-09-23,2026-09-26,424995,1,2026-07-23,00:30,02:15,0
ICN,TPE,2026-09-23,2026-09-26,531900,1,2026-07-23,06:40,14:25,1
ICN,TPE,2026-09-24,2026-09-27,403112,1,2026-07-23,23:00,00:35+1,0
ICN,TPE,2026-09-24,2026-09-27,554300,1,2026-07-23,16:45,13:30+1,1
ICN,TPE,2026-09-25,2026-09-28,285635,1,2026-07-23,23:00,00:35+1,0
ICN,TPE,2026-09-25,2026-09-28,450729,1,2026-07-23,19:25,10:30+1,1
ICN,TPE,2026-09-23,2026-09-27,553635,1,2026-07-23,23:00,00:35+1,0
ICN,TPE,2026-09-23,2026-09-27,465400,1,2026-07-23,06:40,14:25,1
ICN,TPE,2026-09-24,2026-09-28,322990,1,2026-07-23,23:00,00:35+1,0
ICN,TPE,2026-09-24,2026-09-28,554300,1,2026-07-23,16:45,13:30+1,1
ICN,TPE,2026-09-23,2026-09-28,382051,1,2026-07-23,00:30,02:15,0
ICN,TPE,2026-09-23,2026-09-28,461400,1,2026-07-23,06:40,14:25,1
ICN,TPE,2026-10-02,2026-10-05,387117,1,2026-07-23,00:30,02:15,0
ICN,TPE,2026-10-02,2026-10-05,455600,1,2026-07-23,14:50,11:15+1,1
ICN,TPE,2026-10-03,2026-10-06,309757,1,2026-07-23,23:00,00:35+1,0
ICN,TPE,2026-10-03,2026-10-06,542261,1,2026-07-23,17:35,10:30+1,1
ICN,TPE,2026-10-02,2026-10-06,299365,1,2026-07-23,00:30,02:15,0
ICN,TPE,2026-10-02,2026-10-06,465400,1,2026-07-23,06:40,12:45,1
ICN,TPE,2026-10-08,2026-10-11,411161,1,2026-07-23,00:30,02:15,0
ICN,TPE,2026-10-09,2026-10-12,351112,1,2026-07-23,23:00,00:35+1,0
ICN,TPE,2026-10-08,2026-10-12,351112,1,2026-07-23,23:00,00:35+1,0
ICN,TPE,2026-12-24,2026-12-27,548300,1,2026-07-23,12:30,14:20,0
ICN,TPE,2026-12-24,2026-12-27,420200,1,2026-07-23,22:10,15:45+1,1
ICN,TPE,2026-12-25,2026-12-28,466039,1,2026-07-23,00:30,02:15,0
ICN,TPE,2026-12-25,2026-12-28,474100,1,2026-07-23,16:15,14:15+1,1
ICN,TPE,2026-12-24,2026-12-28,481244,1,2026-07-23,00:30,02:15,0
ICN,TPE,2026-12-24,2026-12-28,427900,1,2026-07-23,14:50,14:15+1,1
ICN,TPE,2026-12-31,2027-01-03,403112,1,2026-07-23,23:00,00:45+1,0
ICN,TPE,2026-12-31,2027-01-03,474100,1,2026-07-23,16:15,14:15+1,1
ICN,TPE,2027-01-01,2027-01-04,403112,1,2026-07-23,23:00,00:45+1,0
ICN,TPE,2027-01-01,2027-01-04,427900,1,2026-07-23,21:40,10:50+1,1
ICN,TPE,2026-12-31,2027-01-04,319112,1,2026-07-23,23:00,00:45+1,0
ICN,TPE,2026-12-31,2027-01-04,474100,1,2026-07-23,16:15,14:15+1,1
ICN,KHH,2026-08-14,2026-08-17,410300,1,2026-07-23,13:05,15:10,0
ICN,KHH,2026-08-14,2026-08-17,466600,1,2026-07-23,02:35,09:30,1
ICN,KHH,2026-08-15,2026-08-18,419683,1,2026-07-23,13:05,15:10,0
ICN,KHH,2026-08-15,2026-08-18,462600,1,2026-07-23,22:30,09:30+1,1
ICN,KHH,2026-08-14,2026-08-18,429683,1,2026-07-23,13:05,15:10,0
ICN,KHH,2026-08-14,2026-08-18,466600,1,2026-07-23,02:35,09:30,1
ICN,KHH,2026-09-23,2026-09-26,471638,1,2026-07-23,10:50,12:45,0
ICN,KHH,2026-09-23,2026-09-26,533100,1,2026-07-23,06:40,14:15,1
ICN,KHH,2026-09-24,2026-09-27,518427,1,2026-07-23,20:35,22:40,0
ICN,KHH,2026-09-24,2026-09-27,470600,1,2026-07-23,22:30,14:15+1,1
ICN,KHH,2026-09-25,2026-09-28,385473,1,2026-07-23,20:35,22:40,0
ICN,KHH,2026-09-25,2026-09-28,470600,1,2026-07-23,06:40,14:15,1
ICN,KHH,2026-09-23,2026-09-27,516300,1,2026-07-23,10:50,12:45,0
ICN,KHH,2026-09-23,2026-09-27,466600,1,2026-07-23,06:40,14:15,1
ICN,KHH,2026-09-24,2026-09-28,404773,1,2026-07-23,20:35,22:40,0
ICN,KHH,2026-09-24,2026-09-28,470600,1,2026-07-23,22:30,14:15+1,1
ICN,KHH,2026-09-23,2026-09-28,403473,1,2026-07-23,10:50,12:45,0
ICN,KHH,2026-09-23,2026-09-28,466600,1,2026-07-23,06:40,14:15,1
ICN,KHH,2026-10-02,2026-10-05,533000,1,2026-07-23,12:05,14:05,0
ICN,KHH,2026-10-02,2026-10-05,466600,1,2026-07-23,02:35,09:30,1
ICN,KHH,2026-10-03,2026-10-06,490600,1,2026-07-23,09:45,12:00,0
ICN,KHH,2026-10-03,2026-10-06,462600,1,2026-07-23,22:30,09:30+1,1
ICN,KHH,2026-10-02,2026-10-06,456136,1,2026-07-23,10:50,12:45,0
ICN,KHH,2026-10-02,2026-10-06,466600,1,2026-07-23,02:35,09:30,1
ICN,KHH,2026-10-08,2026-10-11,544000,1,2026-07-23,20:45,22:40,0
ICN,KHH,2026-10-08,2026-10-11,533700,1,2026-07-23,01:55,10:10,1
ICN,KHH,2026-10-09,2026-10-12,472938,1,2026-07-23,20:35,22:40,0
ICN,KHH,2026-10-09,2026-10-12,466600,1,2026-07-23,22:30,09:30+1,1
ICN,KHH,2026-10-08,2026-10-12,465338,1,2026-07-23,09:45,12:00,0
ICN,KHH,2026-10-08,2026-10-12,533700,1,2026-07-23,01:55,10:10,1
ICN,KHH,2026-12-24,2026-12-27,588800,1,2026-07-23,12:00,14:15,0
ICN,KHH,2026-12-24,2026-12-27,908000,1,2026-07-23,02:20,09:25,1
ICN,KHH,2026-12-25,2026-12-28,514795,1,2026-07-23,20:35,22:40,0
ICN,KHH,2026-12-25,2026-12-28,861100,1,2026-07-23,21:50,09:25+1,1
ICN,KHH,2026-12-24,2026-12-28,514795,1,2026-07-23,20:35,22:40,0
ICN,KHH,2026-12-24,2026-12-28,857100,1,2026-07-23,02:20,09:25,1
ICN,KHH,2026-12-31,2027-01-03,570800,1,2026-07-23,12:00,14:15,0
ICN,KHH,2026-12-31,2027-01-03,731100,1,2026-07-23,21:50,09:25+1,1
ICN,KHH,2027-01-01,2027-01-04,450990,1,2026-07-23,10:50,13:05,0
ICN,KHH,2027-01-01,2027-01-04,551174,1,2026-07-23,21:50,09:25+1,1
ICN,KHH,2026-12-31,2027-01-04,450974,1,2026-07-23,13:25,15:55,0
ICN,KHH,2026-12-31,2027-01-04,706700,1,2026-07-23,21:50,09:25+1,1
ICN,PQC,2026-08-14,2026-08-17,647729,1,2026-07-23,05:00,08:25,0
ICN,PQC,2026-08-14,2026-08-17,730600,1,2026-07-23,06:40,18:05,1
ICN,PQC,2026-08-15,2026-08-18,479474,1,2026-07-23,19:50,23:35,0
ICN,PQC,2026-08-15,2026-08-18,653800,1,2026-07-23,22:30,18:05+1,1
ICN,PQC,2026-08-14,2026-08-18,517810,1,2026-07-23,05:00,08:25,0
ICN,PQC,2026-08-14,2026-08-18,653800,1,2026-07-23,06:40,18:05,1
ICN,PQC,2026-09-23,2026-09-26,841300,1,2026-07-23,01:45,05:25,0
ICN,PQC,2026-09-23,2026-09-26,478400,1,2026-07-23,15:25,18:05+1,1
ICN,PQC,2026-09-24,2026-09-27,920300,1,2026-07-23,01:45,05:25,0
ICN,PQC,2026-09-24,2026-09-27,727600,1,2026-07-23,22:30,09:40+1,1
ICN,PQC,2026-09-25,2026-09-28,467577,1,2026-07-23,02:10,05:35,0
ICN,PQC,2026-09-25,2026-09-28,565700,1,2026-07-23,02:35,09:40,1
ICN,PQC,2026-09-23,2026-09-27,841300,1,2026-07-23,01:45,05:25,0
ICN,PQC,2026-09-23,2026-09-27,601200,1,2026-07-23,15:25,18:05+1,1
ICN,PQC,2026-09-24,2026-09-28,674600,1,2026-07-23,17:20,21:25,0
ICN,PQC,2026-09-24,2026-09-28,604800,1,2026-07-23,22:30,09:40+1,1
ICN,PQC,2026-09-23,2026-09-28,841300,1,2026-07-23,01:45,05:25,0
ICN,PQC,2026-09-23,2026-09-28,478400,1,2026-07-23,15:25,18:05+1,1
ICN,PQC,2026-10-02,2026-10-05,402589,1,2026-07-23,02:10,05:35,0
ICN,PQC,2026-10-02,2026-10-05,745900,1,2026-07-23,00:15,09:20,1
ICN,PQC,2026-10-03,2026-10-06,430268,1,2026-07-23,02:10,05:35,0
ICN,PQC,2026-10-03,2026-10-06,679900,1,2026-07-23,00:15,09:20,1
ICN,PQC,2026-10-02,2026-10-06,402470,1,2026-07-23,02:10,05:35,0
ICN,PQC,2026-10-08,2026-10-11,456676,1,2026-07-23,02:10,05:35,0
ICN,PQC,2026-10-08,2026-10-11,564200,1,2026-07-23,06:40,18:05,1
ICN,PQC,2026-10-09,2026-10-12,441551,1,2026-07-23,02:10,05:35,0
ICN,PQC,2026-10-09,2026-10-12,478400,1,2026-07-23,22:30,18:05+1,1
ICN,PQC,2026-10-08,2026-10-12,402589,1,2026-07-23,02:10,05:35,0
ICN,PQC,2026-10-08,2026-10-12,548900,1,2026-07-23,06:40,18:05,1
ICN,PQC,2026-12-24,2026-12-27,749984,1,2026-07-23,05:00,08:50,0
ICN,PQC,2026-12-25,2026-12-28,749984,1,2026-07-23,05:00,08:50,0
ICN,PQC,2026-12-24,2026-12-28,749765,1,2026-07-23,05:00,08:50,0
ICN,PQC,2026-12-31,2027-01-03,821999,1,2026-07-23,05:00,08:50,0
ICN,PQC,2026-12-31,2027-01-03,775900,1,2026-07-23,00:15,09:20,1
ICN,PQC,2027-01-01,2027-01-04,731372,1,2026-07-23,02:20,06:00,0
ICN,PQC,2027-01-01,2027-01-04,775900,1,2026-07-23,00:15,09:20,1
ICN,PQC,2026-12-31,2027-01-04,821999,1,2026-07-23,05:00,08:50,0
ICN,PQC,2026-12-31,2027-01-04,775900,1,2026-07-23,00:15,09:20,1
ICN,GUM,2026-08-14,2026-08-17,391870,1,2026-07-23,19:25,01:00+1,0
ICN,GUM,2026-08-15,2026-08-18,301322,1,2026-07-23,19:25,01:00+1,0
ICN,GUM,2026-08-14,2026-08-18,371322,1,2026-07-23,19:25,01:00+1,0
ICN,GUM,2026-09-23,2026-09-26,649900,1,2026-07-23,18:15,23:45,0
ICN,GUM,2026-09-24,2026-09-27,589900,1,2026-07-23,22:05,03:35+1,0
ICN,GUM,2026-09-25,2026-09-28,539900,1,2026-07-23,22:05,03:35+1,0
ICN,GUM,2026-09-23,2026-09-27,669900,1,2026-07-23,18:15,23:45,0
ICN,GUM,2026-09-24,2026-09-28,569900,1,2026-07-23,22:05,03:35+1,0
ICN,GUM,2026-09-23,2026-09-28,649900,1,2026-07-23,18:15,23:45,0
ICN,GUM,2026-10-02,2026-10-05,689900,1,2026-07-23,22:05,03:35+1,0
ICN,GUM,2026-10-03,2026-10-06,549500,1,2026-07-23,19:25,01:00+1,0
ICN,GUM,2026-10-02,2026-10-06,549500,1,2026-07-23,19:25,01:00+1,0
ICN,GUM,2026-10-08,2026-10-11,474500,1,2026-07-23,19:25,01:00+1,0
ICN,GUM,2026-10-09,2026-10-12,443688,1,2026-07-23,19:25,01:00+1,0
ICN,GUM,2026-10-08,2026-10-12,563988,1,2026-07-23,18:25,23:55,0
ICN,GUM,2026-12-24,2026-12-27,820100,1,2026-07-23,19:45,01:00+1,0
ICN,GUM,2026-12-25,2026-12-28,820100,1,2026-07-23,19:45,01:00+1,0
ICN,GUM,2026-12-24,2026-12-28,820100,1,2026-07-23,19:45,01:00+1,0
ICN,GUM,2026-12-31,2027-01-03,820100,1,2026-07-23,19:45,01:00+1,0
ICN,GUM,2027-01-01,2027-01-04,849911,1,2026-07-23,19:45,01:00+1,0
ICN,GUM,2026-12-31,2027-01-04,820100,1,2026-07-23,19:45,01:00+1,0
ICN,SHI,2026-08-14,2026-08-17,801700,1,2026-07-23,08:25,11:00,0
ICN,SHI,2026-08-15,2026-08-18,761700,1,2026-07-23,08:25,11:00,0
ICN,SHI,2026-08-14,2026-08-18,651700,1,2026-07-23,08:25,11:00,0
ICN,SHI,2026-09-23,2026-09-26,1001700,1,2026-07-23,08:25,11:00,0
ICN,SHI,2026-09-25,2026-09-28,976700,1,2026-07-23,08:25,11:00,0
ICN,SHI,2026-09-24,2026-09-28,1001700,1,2026-07-23,08:25,11:00,0
ICN,SHI,2026-09-23,2026-09-28,1001700,1,2026-07-23,08:25,11:00,0
ICN,SHI,2026-10-02,2026-10-05,1001700,1,2026-07-23,08:25,11:00,0
ICN,SHI,2026-10-03,2026-10-06,881700,1,2026-07-23,08:25,11:00,0
ICN,SHI,2026-10-02,2026-10-06,881700,1,2026-07-23,08:25,11:00,0
ICN,SHI,2026-10-08,2026-10-11,976700,1,2026-07-23,08:25,11:00,0
ICN,SHI,2026-10-09,2026-10-12,911700,1,2026-07-23,08:25,11:00,0
ICN,SHI,2026-10-08,2026-10-12,886700,1,2026-07-23,08:25,11:00,0
ICN,SHI,2026-12-24,2026-12-28,1001700,1,2026-07-23,08:15,10:50,0
ICN,SHI,2026-12-31,2027-01-04,781700,1,2026-07-23,08:15,10:50,0
